timestamp,electricity,water,heat,gas
2025-06-04 16:25:06,567.63,18.74,156.87,20.7
2025-06-04 16:25:11,172.0,24.17,181.26,49.62
2025-06-04 16:25:16,391.88,10.88,109.86,14.54
2025-06-04 16:25:21,256.6,25.05,140.66,21.28
2025-06-04 16:25:26,206.64,10.57,162.51,10.63
2025-06-04 16:25:31,82.12,22.36,53.96,33.37
2025-06-04 16:25:36,95.7,26.29,233.38,45.97
2025-06-04 16:25:41,301.31,16.81,65.5,31.77
2025-06-04 16:25:46,313.87,14.28,218.53,13.03
2025-06-04 16:25:51,491.95,8.18,48.74,14.35
2025-06-04 16:25:56,241.74,11.2,242.8,28.74
2025-06-04 16:26:01,135.48,14.07,50.39,46.15
2025-06-04 16:26:06,507.33,19.09,176.57,34.04
2025-06-04 16:26:11,353.22,13.11,133.01,34.71
2025-06-04 16:26:16,553.66,4.51,116.57,56.53
2025-06-04 16:26:21,129.91,23.79,193.45,38.28
2025-06-04 16:26:27,435.26,19.69,175.16,12.11
2025-06-04 16:26:32,295.66,6.99,140.55,31.02
2025-06-04 16:26:37,287.72,18.69,98.85,8.36
2025-06-04 16:26:42,288.62,17.55,114.74,19.24
2025-06-04 16:26:47,285.19,28.54,168.37,59.1
2025-06-04 16:26:52,161.81,19.8,132.82,39.46
2025-06-04 16:26:57,471.97,17.68,232.83,49.44
2025-06-04 16:27:02,393.17,21.34,136.32,34.14
2025-06-04 16:27:07,450.69,23.34,179.01,18.3
2025-06-04 16:27:12,574.19,9.74,233.14,30.55
2025-06-04 16:27:17,149.02,3.02,182.9,52.14
2025-06-04 16:27:22,258.11,11.17,129.34,47.02
2025-06-04 16:27:27,271.31,25.55,80.59,31.78
2025-06-04 16:27:32,333.07,15.62,244.5,12.68
2025-06-04 16:27:37,458.69,9.61,60.21,19.6
2025-06-04 16:27:42,491.07,4.17,51.6,52.42
2025-06-04 16:27:47,449.3,7.11,184.69,6.99
2025-06-04 16:27:52,178.92,18.53,227.2,7.11
2025-06-04 16:27:57,152.86,24.91,93.65,52.87
2025-06-04 16:28:02,375.39,13.34,235.91,6.55
2025-06-04 16:28:07,177.78,15.47,156.5,46.96
2025-06-04 16:28:12,323.64,6.13,80.23,41.57
2025-06-04 16:28:17,383.14,27.69,98.46,39.06
2025-06-04 16:28:22,442.23,10.88,47.22,35.54
2025-06-04 16:28:27,94.67,4.57,246.95,35.79
2025-06-04 16:28:32,80.99,13.83,200.26,52.41
2025-06-04 16:28:37,512.51,28.96,169.01,35.91
2025-06-04 16:28:42,232.8,14.96,184.43,29.39
2025-06-04 16:28:47,394.19,14.26,217.62,31.44
2025-06-04 16:28:52,181.61,5.65,196.83,41.15
2025-06-04 16:28:57,541.48,12.61,206.19,33.84
2025-06-04 16:29:02,415.91,9.81,169.24,21.48
2025-06-04 16:29:07,143.18,4.43,194.87,53.38
2025-06-04 16:29:12,389.45,21.36,190.29,56.09
2025-06-04 16:29:17,372.53,8.37,191.43,59.42
2025-06-04 16:29:22,134.64,11.81,55.48,58.85
2025-06-04 16:29:27,350.0,17.41,107.36,30.18
2025-06-04 16:29:32,553.74,16.09,236.43,21.32
2025-06-04 16:29:37,451.28,8.59,128.44,30.63
2025-06-04 16:29:42,156.17,4.44,133.13,12.13
2025-06-04 16:29:47,256.77,29.76,205.44,49.11
2025-06-04 16:29:52,319.41,25.53,231.15,5.38
2025-06-04 16:29:57,463.53,29.85,127.16,53.52
2025-06-04 16:30:02,416.55,12.32,66.35,27.55
2025-06-04 16:30:07,374.87,5.45,233.18,50.42
2025-06-04 16:30:12,266.18,27.25,116.57,6.06
2025-06-04 16:30:17,143.97,10.93,81.12,48.21
2025-06-04 16:30:22,213.27,9.27,231.35,45.03
2025-06-04 16:30:27,219.11,9.97,153.33,10.35
2025-06-04 16:30:32,199.54,9.04,161.39,47.61
2025-06-04 16:30:37,597.45,20.43,132.29,35.59
2025-06-04 16:30:42,576.85,6.27,55.96,56.52
2025-06-04 16:30:47,319.16,14.37,123.33,29.1
2025-06-04 16:30:52,262.54,26.88,82.53,18.74
2025-06-04 16:30:57,208.25,12.53,232.34,49.74
2025-06-04 16:31:02,166.94,21.57,242.49,41.98
2025-06-04 16:31:07,371.99,23.09,115.8,37.98
2025-06-04 16:31:12,275.91,12.73,217.77,41.48
2025-06-04 16:31:17,549.84,26.92,142.72,26.76
2025-06-04 16:31:22,213.66,9.41,236.93,59.55
2025-06-04 16:31:27,444.93,29.24,240.03,30.92
2025-06-04 16:31:32,137.04,6.01,192.67,44.84
2025-06-04 16:31:37,441.57,27.55,114.36,34.75
2025-06-04 16:31:42,461.24,21.72,54.27,31.05
2025-06-04 16:31:47,245.39,6.24,186.61,23.42
2025-06-04 16:31:52,138.02,18.82,187.39,58.52
2025-06-04 16:31:57,505.31,29.14,174.37,15.93
2025-06-04 16:32:02,104.22,3.85,142.86,44.33
2025-06-04 16:32:07,397.62,9.6,179.02,21.29
2025-06-04 16:32:12,380.1,20.36,92.83,38.77
2025-06-04 16:32:17,289.76,26.21,164.6,19.93
2025-06-04 16:32:22,306.9,28.71,93.98,36.82
2025-06-04 16:32:27,304.87,9.63,113.71,32.31
2025-06-04 16:32:32,440.4,28.15,88.73,27.45
2025-06-04 16:32:37,104.1,20.97,235.24,51.98
2025-06-04 16:32:43,175.03,11.32,242.79,38.81
2025-06-04 16:32:48,266.06,4.31,200.55,54.26
2025-06-04 16:32:53,155.98,10.36,165.11,51.99
2025-06-04 16:32:58,114.6,13.09,221.47,15.37
2025-06-04 16:33:03,490.91,23.31,92.33,37.27
2025-06-04 16:33:08,251.43,14.75,178.27,30.93
2025-06-04 16:33:13,268.52,21.23,166.23,36.35
2025-06-04 16:33:18,206.0,17.84,222.81,43.34
2025-06-04 16:33:23,191.67,27.65,155.06,10.24
2025-06-04 16:33:28,409.19,23.84,231.97,49.97
2025-06-04 16:33:33,444.17,22.43,140.77,30.1
2025-06-04 16:33:38,502.45,22.0,74.32,33.36
2025-06-04 16:33:43,290.65,12.21,112.06,25.51
2025-06-04 16:33:48,307.07,29.6,100.99,53.6
2025-06-04 16:33:53,584.13,16.64,134.63,16.94
2025-06-04 16:33:58,331.05,24.83,194.29,59.76
2025-06-04 16:34:03,271.61,12.88,140.18,25.72
2025-06-04 16:34:08,301.43,26.5,52.4,55.98
2025-06-04 16:34:13,482.29,3.8,214.22,37.19
2025-06-04 16:34:18,141.78,14.18,129.94,44.3
2025-06-04 16:34:23,156.88,24.69,136.51,19.07
2025-06-04 16:34:28,98.68,29.95,65.93,19.76
2025-06-04 16:34:33,325.76,9.22,146.76,38.35
2025-06-04 16:34:38,516.11,6.71,159.83,36.2
2025-06-04 16:34:43,91.74,12.54,119.49,51.19
2025-06-04 16:34:48,103.46,28.6,75.71,38.89
2025-06-04 16:34:53,339.62,5.99,78.2,52.23
2025-06-04 16:34:58,416.22,12.04,230.64,43.63
2025-06-04 16:35:03,229.21,28.01,232.77,35.08
2025-06-04 16:35:08,536.51,26.79,170.93,37.81
2025-06-04 16:35:13,508.94,9.48,179.47,30.47
2025-06-04 16:35:18,353.99,3.62,128.8,21.61
2025-06-04 16:35:23,502.99,16.46,236.84,59.42
2025-06-04 16:35:28,417.32,3.3,106.86,16.56
2025-06-04 16:35:33,538.27,17.0,153.03,27.33
2025-06-04 16:35:38,114.72,26.19,41.44,15.24
2025-06-04 16:35:43,179.9,21.53,130.7,33.29
2025-06-04 16:35:48,271.15,19.51,163.46,25.21
2025-06-04 16:35:53,532.85,28.58,116.47,54.19
2025-06-04 16:35:58,496.04,18.53,97.72,30.39
2025-06-04 16:36:03,83.45,9.46,210.97,13.43
2025-06-04 16:36:08,173.11,7.53,160.36,39.85
2025-06-04 16:36:13,459.49,8.23,143.51,7.03
2025-06-04 16:36:18,97.07,8.0,109.77,12.59
2025-06-04 16:36:23,334.91,11.73,234.78,59.74
2025-06-04 16:36:28,477.57,19.14,155.45,15.23
2025-06-04 16:36:33,221.17,6.46,114.43,6.38
2025-06-04 16:36:38,553.26,13.44,118.88,47.9
2025-06-04 16:36:43,499.19,15.92,197.25,56.86
2025-06-04 16:36:48,217.67,21.37,243.91,20.84
2025-06-04 16:36:53,592.33,25.42,169.72,17.37
2025-06-04 16:36:58,567.53,7.59,190.61,15.73
2025-06-04 16:37:03,580.08,7.85,172.79,13.76
2025-06-04 16:37:08,486.64,13.48,164.58,31.45
2025-06-04 16:37:13,182.59,5.38,90.2,15.07
2025-06-04 16:37:18,477.84,4.89,154.83,13.64
2025-06-04 16:37:23,307.42,4.69,172.3,7.72
2025-06-04 16:37:28,142.84,9.47,171.55,46.49
2025-06-04 16:37:33,379.15,9.45,230.02,34.03
2025-06-04 16:37:38,556.21,10.24,47.77,53.17
2025-06-04 16:37:43,143.64,4.78,222.71,47.2
2025-06-04 16:37:48,590.24,6.54,218.25,6.18
2025-06-04 16:37:53,193.06,6.87,111.64,18.3
2025-06-04 16:37:58,328.14,13.39,182.65,5.44
2025-06-04 16:38:03,171.14,16.99,113.97,27.03
2025-06-04 16:38:08,516.53,24.56,90.87,17.13
2025-06-04 16:38:13,580.51,23.78,102.03,46.87
2025-06-04 16:38:19,232.24,28.09,242.56,21.42
2025-06-04 16:38:24,147.33,18.2,96.74,9.65
2025-06-04 16:38:29,557.41,12.04,63.46,44.06
2025-06-04 16:38:34,88.38,26.22,114.87,26.19
2025-06-04 16:38:39,553.92,12.89,160.75,28.72
2025-06-04 16:38:44,488.23,19.1,237.7,27.29
2025-06-04 16:38:49,137.45,10.15,162.89,11.59
2025-06-04 16:38:54,99.08,3.45,247.43,10.96
2025-06-04 16:38:59,294.34,15.82,164.59,43.45
2025-06-04 16:39:04,540.85,18.03,182.25,30.1
2025-06-04 16:39:09,559.82,6.79,192.7,42.81
2025-06-04 16:39:14,191.21,9.74,68.01,48.59
2025-06-04 16:39:19,304.76,27.51,122.44,30.5
2025-06-04 16:39:24,112.78,19.0,180.08,20.8
2025-06-04 16:39:29,381.69,29.67,196.87,58.27
2025-06-04 16:39:34,306.99,14.06,164.32,46.84
2025-06-04 16:39:39,532.88,6.68,66.37,14.94
2025-06-04 16:39:44,473.54,10.77,197.39,26.71
2025-06-04 16:39:49,149.76,16.07,63.46,40.13
2025-06-04 16:39:54,135.03,10.14,213.9,7.68
2025-06-04 16:39:59,269.23,26.72,216.4,19.38
2025-06-04 16:40:04,574.3,9.58,174.55,19.84
2025-06-04 16:40:09,464.88,5.94,158.8,36.35
2025-06-04 16:40:14,395.32,26.74,133.53,43.55
2025-06-04 16:40:19,421.43,22.38,153.43,45.56
2025-06-04 16:40:24,125.47,10.69,188.44,34.53
2025-06-04 16:40:29,544.33,20.85,161.01,57.98
2025-06-04 16:40:34,148.92,23.26,68.46,54.22
2025-06-04 16:40:39,520.58,6.4,247.88,8.83
2025-06-04 16:40:44,470.46,9.84,111.56,13.88
2025-06-04 16:40:49,93.95,10.5,171.84,44.44
2025-06-04 16:40:54,225.34,22.09,64.0,25.37
2025-06-04 16:40:59,355.29,23.56,174.33,31.92
2025-06-04 16:41:04,221.27,26.3,47.7,14.8
2025-06-04 16:41:09,422.73,28.97,130.45,27.98
2025-06-04 16:41:14,202.65,4.37,123.57,56.0
2025-06-04 16:41:19,361.92,15.29,53.64,54.62
2025-06-04 16:41:24,132.04,5.1,127.89,10.18
2025-06-04 16:41:29,436.81,21.85,44.09,43.65
2025-06-04 16:41:34,395.85,25.84,109.04,35.8
2025-06-04 16:41:39,278.07,20.15,139.97,37.23
2025-06-04 16:41:44,397.62,3.62,73.11,47.13
2025-06-04 16:41:49,500.0,23.1,89.1,27.48
2025-06-04 16:41:54,307.03,16.36,104.26,27.7
2025-06-04 16:41:59,274.85,24.8,182.29,38.84
2025-06-04 16:42:04,572.84,23.2,224.99,24.59
2025-06-04 16:42:09,226.03,21.94,83.72,8.89
2025-06-04 16:42:14,371.09,5.72,94.56,24.08
2025-06-04 16:42:19,504.92,23.48,226.55,34.51
2025-06-04 16:42:24,157.51,26.96,213.6,44.82
2025-06-04 16:42:29,231.86,12.49,198.01,53.44
2025-06-04 16:42:34,513.63,19.12,88.37,31.08
2025-06-04 16:42:39,243.31,22.87,228.37,14.69
2025-06-04 16:42:44,272.43,12.77,233.55,55.94
2025-06-04 16:42:49,289.61,25.96,156.76,22.26
2025-06-04 16:42:54,287.94,11.21,160.9,23.26
2025-06-04 16:42:59,122.86,19.0,167.91,45.29
2025-06-04 16:43:04,578.52,29.32,97.42,42.14
2025-06-04 16:43:09,205.49,24.17,235.08,12.59
2025-06-04 16:43:14,435.6,5.52,140.1,6.52
2025-06-04 16:43:19,160.78,21.72,78.95,47.44
2025-06-04 16:43:24,165.66,14.16,93.99,55.89
2025-06-04 16:43:29,411.18,16.52,127.51,44.48
2025-06-04 16:43:34,430.01,22.97,111.32,6.69
2025-06-04 16:43:39,319.08,11.06,47.56,29.4
2025-06-04 16:43:44,363.89,9.86,164.32,59.07
2025-06-04 16:43:49,553.52,13.5,76.16,30.62
2025-06-04 16:43:54,489.19,3.74,224.12,42.0
2025-06-04 16:43:59,477.28,28.73,120.77,52.69
2025-06-04 16:44:05,451.67,19.52,132.2,59.32
2025-06-04 16:44:10,178.43,14.62,195.35,37.88
2025-06-04 16:44:15,90.8,6.27,130.99,16.64
2025-06-04 16:44:20,181.21,5.27,186.56,57.96
2025-06-04 16:44:25,484.11,17.41,189.55,27.44
2025-06-04 16:44:30,107.4,16.53,127.56,50.38
2025-06-04 16:44:35,511.44,12.85,172.07,5.39
2025-06-04 16:44:40,381.15,6.67,208.67,17.96
2025-06-04 16:44:45,514.06,7.17,62.69,49.67
2025-06-04 16:44:50,583.81,27.07,62.73,29.96
2025-06-04 16:44:55,488.6,12.82,243.0,30.19
2025-06-04 16:45:00,470.54,29.58,219.47,32.88
2025-06-04 16:45:05,130.7,6.8,175.09,28.14
2025-06-04 16:45:10,501.45,19.66,94.47,35.76
2025-06-04 16:45:15,101.22,6.85,108.45,8.51
2025-06-04 16:45:20,158.52,26.29,57.22,11.49
2025-06-04 16:45:25,92.68,9.32,183.55,17.48
2025-06-04 16:45:30,385.8,16.81,106.72,37.2
2025-06-04 16:45:35,453.61,16.58,199.66,50.39
2025-06-04 16:45:40,172.73,23.36,56.88,7.75
2025-06-04 16:45:45,380.36,4.02,240.53,33.37
2025-06-04 16:45:50,427.44,27.35,135.41,30.11
2025-06-04 16:45:55,517.74,4.91,137.52,35.08
2025-06-04 16:46:00,347.25,22.86,225.39,48.35
2025-06-04 16:46:05,581.28,9.6,195.45,57.68
2025-06-04 16:46:10,150.83,24.59,223.84,54.3
2025-06-04 16:46:15,599.42,4.53,53.33,22.37
2025-06-04 16:46:20,213.37,25.68,132.23,44.59
2025-06-04 16:46:25,227.4,14.65,215.58,5.83
2025-06-04 16:46:30,208.43,5.68,91.79,11.68
2025-06-04 16:46:35,294.93,15.74,180.63,50.12
2025-06-04 16:46:40,535.98,10.99,203.31,11.63
2025-06-04 16:46:45,341.29,4.97,107.18,33.7
2025-06-04 16:46:50,318.55,7.41,241.07,49.67
2025-06-04 16:46:55,503.41,22.75,60.15,51.28
2025-06-04 16:47:00,464.88,17.9,139.4,7.54
2025-06-04 16:47:05,162.29,25.78,246.73,26.58
2025-06-04 16:47:10,109.43,8.51,215.19,41.35
2025-06-04 16:47:15,258.36,27.23,187.51,13.08
2025-06-04 16:47:20,344.75,23.49,74.92,29.16
2025-06-04 16:47:25,349.93,22.41,130.32,56.62
2025-06-04 16:47:30,371.0,14.56,115.74,26.31
2025-06-04 16:47:35,566.48,12.39,229.13,19.36
2025-06-04 16:47:40,268.76,6.68,183.19,30.02
2025-06-04 16:47:45,489.16,11.97,50.15,41.12
2025-06-04 16:47:50,111.66,21.4,206.99,15.51
2025-06-04 16:47:55,344.26,20.6,85.39,43.13
2025-06-04 16:48:00,90.49,23.33,129.93,32.89
2025-06-04 16:48:05,501.28,27.69,149.13,42.59
2025-06-04 16:48:10,101.11,3.27,249.57,44.96
2025-06-04 16:48:15,299.93,25.54,161.26,57.05
2025-06-04 16:48:20,190.3,11.42,42.99,58.12
2025-06-04 16:48:25,430.79,3.13,147.35,32.8
2025-06-04 16:48:30,211.83,29.11,190.04,47.88
2025-06-04 16:48:35,268.08,18.8,51.42,6.43
2025-06-04 16:48:40,387.26,20.31,80.78,30.49
2025-06-04 16:48:45,463.36,14.3,151.85,20.28
2025-06-04 16:48:50,564.36,10.32,243.05,24.45
2025-06-04 16:48:55,265.86,15.27,223.88,42.62
2025-06-04 16:49:00,519.23,13.01,234.05,26.83
2025-06-04 16:49:05,225.84,26.83,229.87,14.47
2025-06-04 16:49:10,384.53,7.67,195.78,34.69
2025-06-04 16:49:15,366.38,14.14,65.14,38.74
2025-06-04 16:49:20,277.1,27.96,137.41,55.17
2025-06-04 16:49:25,121.37,11.45,225.25,11.74
2025-06-04 16:49:30,589.03,8.38,173.72,30.31
2025-06-04 16:49:35,439.13,20.1,50.83,17.27
2025-06-04 16:49:40,482.33,6.32,118.01,28.14
2025-06-04 16:49:45,115.86,8.4,104.73,30.6
2025-06-04 16:49:50,488.6,10.26,238.53,49.94
2025-06-04 16:49:55,582.59,24.99,181.59,50.06
2025-06-04 16:50:01,492.38,3.57,105.85,35.62
2025-06-04 16:50:06,523.01,19.96,230.84,33.22
2025-06-04 16:50:11,356.69,26.36,64.02,42.31
2025-06-04 16:50:16,537.99,7.37,239.93,42.85
2025-06-04 16:50:21,329.77,19.11,242.9,25.41
2025-06-04 16:50:26,406.9,24.34,240.64,36.73
2025-06-04 16:50:31,293.93,3.31,171.29,22.8
2025-06-04 16:50:36,371.92,28.73,57.59,49.11
2025-06-04 16:50:41,581.59,29.56,169.98,38.96
2025-06-04 16:50:46,351.57,17.97,130.46,32.29
2025-06-04 16:50:51,312.72,20.13,226.12,16.9
2025-06-04 16:50:56,535.22,9.76,116.96,33.35
2025-06-04 16:51:01,565.69,5.36,217.14,24.24
2025-06-04 16:51:06,543.16,14.51,249.46,35.82
2025-06-04 16:51:11,460.51,10.99,51.37,6.8
2025-06-04 16:51:16,413.29,16.6,201.94,51.81
2025-06-04 16:51:21,567.46,4.75,161.7,49.57
2025-06-04 16:51:26,152.29,29.42,132.13,11.1
2025-06-04 16:51:31,188.95,12.24,88.89,28.13
2025-06-04 16:51:36,280.92,19.42,221.35,59.02
2025-06-04 16:51:41,216.51,16.31,189.9,51.91
2025-06-04 16:51:46,428.93,26.53,185.53,31.67
2025-06-04 16:51:51,319.69,11.78,232.38,50.39
2025-06-04 16:51:56,257.05,8.36,218.98,46.54
2025-06-04 16:52:01,522.8,7.75,201.55,29.53
2025-06-04 16:52:06,481.81,17.16,68.42,23.58
2025-06-04 16:52:11,279.92,13.44,163.52,13.83
2025-06-04 16:52:16,437.74,17.11,106.96,18.11
2025-06-04 16:52:21,538.94,15.74,218.89,38.38
2025-06-04 16:52:26,536.32,22.18,88.03,56.03
2025-06-04 16:52:31,298.39,6.8,159.55,21.57
2025-06-04 16:52:36,333.18,15.45,40.84,6.15
2025-06-04 16:52:41,304.96,25.31,200.42,46.16
2025-06-04 16:52:46,122.19,25.05,181.21,5.11
2025-06-04 16:52:51,178.82,28.69,193.74,36.82
2025-06-04 16:52:56,575.13,3.66,176.6,20.44
2025-06-04 16:53:01,112.37,21.21,245.09,14.97
2025-06-04 16:53:06,294.37,24.28,242.37,30.3
2025-06-04 16:53:11,257.65,21.96,243.07,6.84
2025-06-04 16:53:16,327.89,12.17,56.13,40.25
2025-06-04 16:53:21,110.32,7.84,171.44,32.46
2025-06-04 16:53:26,443.99,21.73,214.88,51.63
2025-06-04 16:53:31,155.65,7.35,100.25,20.56
2025-06-04 16:53:36,597.46,7.34,144.87,17.91
2025-06-04 16:53:41,207.12,26.18,66.73,54.36
2025-06-04 16:53:46,375.95,17.54,137.83,8.34
2025-06-04 16:53:51,545.01,14.84,236.06,36.48
2025-06-04 16:53:56,172.43,9.32,247.48,14.21
2025-06-04 16:54:01,489.31,19.67,229.14,30.27
2025-06-04 16:54:06,225.9,5.75,142.51,41.08
2025-06-04 16:54:11,246.83,17.7,111.17,7.39
2025-06-04 16:54:16,348.08,24.12,229.0,59.84
2025-06-04 16:54:21,231.19,19.53,181.45,47.89
2025-06-04 16:54:26,563.83,24.95,99.84,24.93
2025-06-04 16:54:31,482.94,12.97,46.01,30.42
2025-06-04 16:54:36,485.16,6.23,114.88,41.28
2025-06-04 16:54:41,554.81,21.74,188.86,22.24
2025-06-04 16:54:46,256.83,7.09,215.12,30.85
2025-06-04 16:54:51,231.36,5.84,106.16,29.22
2025-06-04 16:54:56,98.28,11.61,40.64,48.2
2025-06-04 16:55:01,261.97,12.26,184.35,45.94
2025-06-04 16:55:06,505.22,22.22,153.3,6.91
2025-06-04 16:55:11,359.39,17.2,165.11,35.2
2025-06-04 16:55:16,391.51,11.89,179.26,5.17
2025-06-04 16:55:21,497.74,16.63,114.67,34.92
2025-06-04 16:55:26,94.63,5.64,66.7,10.3
2025-06-04 16:55:31,155.72,3.93,204.13,34.08
2025-06-04 16:55:36,433.79,8.41,99.62,27.48
2025-06-04 16:55:41,163.18,29.6,175.16,10.65
2025-06-04 16:55:46,471.95,6.82,123.19,8.28
2025-06-04 16:55:51,574.52,23.09,187.18,59.14
2025-06-04 16:55:56,409.22,7.18,57.31,14.78
2025-06-04 16:56:01,153.81,15.51,154.12,38.76
2025-06-04 16:56:06,328.31,10.25,51.84,10.8
2025-06-04 16:56:11,279.03,5.71,124.31,7.56
2025-06-04 16:56:16,464.86,16.73,93.08,52.51
2025-06-04 16:56:22,446.18,18.81,138.95,22.01
2025-06-04 16:56:27,364.67,25.32,180.69,11.91
2025-06-04 16:56:32,548.25,27.91,118.33,35.31
2025-06-04 16:56:37,396.3,9.58,82.47,7.58
2025-06-04 16:56:42,96.45,3.47,77.79,9.79
2025-06-04 16:56:47,458.44,13.15,135.84,36.3
2025-06-04 16:56:52,530.31,20.01,154.82,37.12
2025-06-04 16:56:57,461.92,6.84,44.7,12.8
2025-06-04 16:57:02,154.43,25.04,229.55,48.96
2025-06-04 16:57:07,376.92,22.99,125.81,11.1
2025-06-04 16:57:12,427.36,6.98,113.53,43.53
2025-06-04 16:57:17,277.12,26.04,220.66,57.75
2025-06-04 16:57:22,508.89,9.21,49.93,7.67
2025-06-04 16:57:27,171.64,5.24,49.77,51.1
2025-06-04 16:57:32,277.69,11.81,197.92,26.28
2025-06-04 16:57:37,215.14,3.68,194.67,45.08
2025-06-04 16:57:42,547.61,21.97,116.59,45.45
2025-06-04 16:57:47,549.28,10.52,232.61,20.1
2025-06-04 16:57:52,473.89,6.35,240.07,52.63
2025-06-04 16:57:57,341.95,13.35,114.56,40.42
2025-06-04 16:58:02,350.53,14.5,111.32,55.62
2025-06-04 16:58:07,118.85,26.12,77.74,10.89
2025-06-04 16:58:12,146.9,21.42,211.02,42.86
2025-06-04 16:58:17,575.28,3.15,153.64,25.52
2025-06-04 16:58:22,189.87,20.74,153.5,9.63
2025-06-04 16:58:27,364.28,8.39,193.44,38.87
2025-06-04 16:58:32,595.75,12.0,112.67,50.19
2025-06-04 16:58:37,461.01,19.94,65.2,38.38
2025-06-04 16:58:42,354.94,8.99,109.64,5.66
2025-06-04 16:58:47,349.69,21.96,188.92,57.64
2025-06-04 16:58:52,444.02,16.59,117.02,43.57
2025-06-04 16:58:57,421.02,19.56,147.56,38.5
2025-06-04 16:59:02,104.05,18.46,232.64,47.16
2025-06-04 16:59:07,101.39,26.7,172.9,7.08
2025-06-04 16:59:12,255.37,8.01,76.9,29.03
2025-06-04 16:59:17,165.88,9.74,106.81,20.88
2025-06-04 16:59:22,280.14,20.69,238.85,53.47
2025-06-04 16:59:27,124.05,14.62,119.36,57.76
2025-06-04 16:59:32,362.65,7.09,89.1,57.27
2025-06-04 16:59:37,212.2,12.79,170.12,51.0
2025-06-04 16:59:42,136.91,11.25,72.93,9.95
2025-06-04 16:59:47,587.03,29.8,173.49,56.87
2025-06-04 16:59:52,354.2,5.94,185.24,15.63
2025-06-04 16:59:57,475.78,4.39,94.38,58.25
2025-06-04 17:00:02,176.18,11.06,234.09,8.77
2025-06-04 17:00:07,276.58,13.11,246.92,48.38
2025-06-04 17:00:12,275.24,22.12,83.9,41.3
2025-06-04 17:00:17,426.72,13.79,174.85,56.93
2025-06-04 17:00:22,568.43,26.83,107.82,54.02
2025-06-04 17:00:27,371.47,14.45,157.93,18.44
2025-06-04 17:00:32,103.72,21.79,183.65,33.55
2025-06-04 17:00:37,491.05,24.83,229.07,35.54
2025-06-04 17:00:42,168.19,13.4,234.38,42.74
2025-06-04 17:00:47,342.36,13.31,53.95,58.44
2025-06-04 17:00:52,438.78,16.87,154.86,42.17
2025-06-04 17:00:57,322.53,14.66,191.91,21.16
2025-06-04 17:01:02,498.53,6.64,175.92,14.07
2025-06-04 17:01:07,464.4,16.07,152.02,47.88
2025-06-04 17:01:12,241.24,21.24,91.92,51.73
2025-06-04 17:01:17,372.68,29.58,53.19,31.78
2025-06-04 17:01:22,465.27,29.3,62.14,35.63
2025-06-04 17:01:27,368.77,9.87,168.35,47.67
2025-06-04 17:01:32,426.92,22.61,178.5,25.82
2025-06-04 17:01:37,417.64,12.03,65.19,9.19
2025-06-04 17:01:42,461.65,4.35,205.55,8.49
2025-06-04 17:01:47,213.86,7.11,180.76,32.43
2025-06-04 17:01:52,442.54,9.61,139.48,30.53
2025-06-04 17:01:57,230.91,24.12,98.55,51.66
2025-06-04 17:02:02,139.59,11.23,181.73,11.36
2025-06-04 17:02:07,421.06,10.2,246.45,33.4
2025-06-04 17:02:12,256.58,11.04,214.43,37.88
2025-06-04 17:02:17,258.49,19.67,139.53,55.17
2025-06-04 17:02:22,247.23,14.09,219.67,28.67
2025-06-04 17:02:27,237.37,18.38,105.54,15.81
2025-06-04 17:02:32,445.96,20.74,175.04,35.57
2025-06-04 17:02:37,430.31,23.72,110.08,24.91
2025-06-04 17:02:43,420.72,10.98,217.49,29.98
2025-06-04 17:02:48,589.59,28.91,82.28,5.57
2025-06-04 17:02:53,190.32,20.0,248.08,27.68
2025-06-04 17:02:58,138.78,12.33,95.04,40.2
2025-06-04 17:03:03,543.73,16.02,209.43,42.33
2025-06-04 17:03:08,589.43,15.03,180.16,10.44
2025-06-04 17:03:13,592.03,5.2,223.31,25.41
2025-06-04 17:03:18,394.13,21.39,182.21,39.48
2025-06-04 17:03:23,299.49,13.06,109.53,17.64
2025-06-04 17:03:28,85.28,20.06,78.59,35.63
2025-06-04 17:03:33,156.27,5.83,89.09,37.27
2025-06-04 17:03:38,331.07,5.33,57.68,31.19
2025-06-04 17:03:43,362.08,10.0,218.04,14.87
2025-06-04 17:03:48,395.67,6.96,181.91,49.12
2025-06-04 17:03:53,171.44,17.85,141.69,14.34
2025-06-04 17:03:58,269.44,10.15,247.94,43.9
2025-06-04 17:04:03,146.94,29.04,173.18,53.33
2025-06-04 17:04:08,339.06,20.35,170.57,43.78
2025-06-04 17:04:13,568.73,22.27,216.33,45.17
2025-06-04 17:04:18,313.89,7.71,94.35,45.81
2025-06-04 17:04:23,279.82,26.02,41.86,36.72
2025-06-04 17:04:28,369.96,6.61,187.77,16.46
2025-06-04 17:04:33,168.55,11.02,54.41,5.89
2025-06-04 17:04:38,314.06,27.5,77.81,48.3
2025-06-04 17:04:43,369.61,6.43,215.6,7.21
2025-06-04 17:04:48,364.82,28.17,227.02,42.5
2025-06-04 17:04:53,446.95,24.68,205.12,29.46
2025-06-04 17:04:58,344.2,13.47,104.87,48.22
2025-06-04 17:05:03,473.32,20.78,141.8,53.15
2025-06-04 17:05:08,329.55,7.1,176.31,20.77
2025-06-04 17:05:13,443.45,18.88,151.5,17.13
2025-06-04 17:05:18,325.76,3.39,42.11,54.28
2025-06-04 17:05:23,565.89,28.89,52.86,35.2
2025-06-04 17:05:28,401.29,18.51,82.04,8.57
2025-06-04 17:05:33,141.29,11.74,185.93,12.33
2025-06-04 17:05:38,302.66,17.52,203.63,17.23
2025-06-04 17:05:43,486.57,16.05,100.63,51.03
2025-06-04 17:05:48,474.37,12.65,82.78,31.54
2025-06-04 17:05:53,339.56,18.68,211.02,18.04
2025-06-04 17:05:58,477.66,7.12,141.35,53.17
2025-06-04 17:06:03,473.28,23.79,71.61,7.36
2025-06-04 17:06:08,106.54,28.57,68.14,24.72
2025-06-04 17:06:13,580.92,11.59,239.5,49.62
2025-06-04 17:06:18,217.68,7.59,221.1,45.39
2025-06-04 17:06:23,365.51,28.09,247.72,26.2
2025-06-04 17:06:28,385.19,20.08,185.15,19.38
2025-06-04 17:06:33,459.47,7.35,123.95,45.54
2025-06-04 17:06:38,328.81,29.04,163.98,43.89
2025-06-04 17:06:43,441.68,27.76,40.98,42.92
2025-06-04 17:06:48,222.33,8.06,237.91,41.67
2025-06-04 17:06:53,379.73,29.82,187.19,19.41
2025-06-04 17:06:58,278.03,18.8,97.73,20.52
2025-06-04 17:07:03,525.29,18.1,134.89,26.21
2025-06-04 17:07:08,221.2,19.11,178.91,39.32
2025-06-04 17:07:13,422.31,15.27,163.62,6.52
2025-06-04 17:07:18,433.65,29.59,186.04,42.35
2025-06-04 17:07:23,400.89,28.37,92.99,44.13
2025-06-04 17:07:28,376.48,4.45,162.64,32.62
2025-06-04 17:07:33,225.97,25.02,177.15,59.41
2025-06-04 17:07:38,188.99,11.85,123.59,26.05
2025-06-04 17:07:43,292.37,20.25,76.04,21.84
2025-06-04 17:07:48,576.94,15.51,176.4,58.93
2025-06-04 17:07:53,530.99,26.99,115.39,10.71
2025-06-04 17:07:58,529.46,20.21,123.7,8.51
2025-06-04 17:08:03,232.89,20.85,105.73,49.16
2025-06-04 17:08:08,590.99,7.56,209.7,52.67
2025-06-04 17:08:13,540.23,14.21,232.2,27.3
2025-06-04 17:08:18,148.49,10.47,102.25,53.91
2025-06-04 17:08:23,513.34,3.96,169.76,33.53
2025-06-04 17:08:28,565.5,28.92,219.74,46.33
2025-06-04 17:08:33,406.67,18.46,61.6,34.54
2025-06-04 17:08:38,317.41,21.49,100.42,44.92
2025-06-04 17:08:43,359.15,8.52,164.63,49.4
2025-06-04 17:08:48,555.81,5.35,66.84,17.51
2025-06-04 17:08:53,415.45,25.76,145.14,46.42
2025-06-04 17:08:58,343.58,7.99,157.52,34.65
2025-06-04 17:09:03,571.74,16.75,189.24,13.06
2025-06-04 17:09:08,251.89,21.16,147.39,56.02
2025-06-04 17:09:13,104.08,9.53,101.98,9.46
2025-06-04 17:09:19,163.78,27.61,111.82,54.56
2025-06-04 17:09:24,348.47,12.44,87.52,11.71
2025-06-04 17:09:29,360.43,23.9,240.48,41.66
2025-06-04 17:09:34,406.62,26.23,211.72,8.32
2025-06-04 17:09:39,355.2,12.02,111.34,10.41
2025-06-04 17:09:44,202.03,28.0,219.52,25.91
2025-06-04 17:09:49,213.97,29.63,77.27,15.15
2025-06-04 17:09:54,598.68,22.07,181.13,36.71
2025-06-04 17:09:59,236.06,13.03,79.78,49.43
2025-06-04 17:10:04,508.86,6.34,75.12,59.92
2025-06-04 17:10:09,112.14,5.57,71.11,17.4
2025-06-04 17:10:14,80.63,8.98,220.75,6.0
2025-06-04 17:10:19,538.56,29.15,115.33,18.23
2025-06-04 17:10:24,568.8,7.67,147.33,57.38
2025-06-04 17:10:29,495.6,11.71,93.48,10.36
2025-06-04 17:10:34,595.31,15.09,106.16,16.57
2025-06-04 17:10:39,582.52,22.74,107.04,47.21
2025-06-04 17:10:44,216.99,19.51,129.39,49.28
2025-06-04 17:10:49,461.01,8.03,180.98,13.28
2025-06-04 17:10:54,496.0,3.66,61.79,10.52
2025-06-04 17:10:59,185.19,7.06,48.12,33.07
2025-06-04 17:11:04,400.8,23.51,55.52,10.43
2025-06-04 17:11:09,189.88,7.13,131.22,24.47
2025-06-04 17:11:14,249.1,23.97,92.51,34.55
2025-06-04 17:11:19,227.15,18.75,244.1,6.71
2025-06-04 17:11:24,108.98,27.29,235.62,23.76
2025-06-04 17:11:29,332.55,20.26,237.23,5.33
2025-06-04 17:11:34,472.86,11.34,50.89,7.8
2025-06-04 17:11:39,254.31,14.12,221.23,47.1
2025-06-04 17:11:44,393.01,16.65,81.09,23.7
2025-06-04 17:11:49,126.07,27.59,210.28,54.01
2025-06-04 17:11:54,496.54,18.26,172.57,5.33
2025-06-04 17:11:59,210.76,12.93,121.65,26.33
2025-06-04 17:12:04,97.9,28.48,88.15,16.02
2025-06-04 17:12:09,587.04,12.38,144.18,21.79
2025-06-04 17:12:14,469.36,18.36,201.55,58.89
2025-06-04 17:12:19,117.52,12.76,81.13,6.95
2025-06-04 17:12:24,89.49,18.42,245.17,57.49
2025-06-04 17:12:29,232.21,9.98,217.32,52.06
2025-06-04 17:12:34,461.05,8.24,101.69,10.3
2025-06-04 17:12:39,588.01,22.66,169.36,54.87
2025-06-04 17:12:44,88.72,14.25,89.95,25.62
2025-06-04 17:12:49,149.44,15.46,248.03,50.67
2025-06-04 17:12:54,418.22,23.6,170.5,47.48
2025-06-04 17:12:59,382.35,8.77,229.06,28.01
2025-06-04 17:13:04,143.26,4.11,222.79,8.74
2025-06-04 17:13:09,337.37,12.2,244.23,45.49
2025-06-04 17:13:14,314.83,24.09,237.87,54.66
2025-06-04 17:13:19,516.23,27.14,184.09,29.11
2025-06-04 17:13:24,591.24,19.15,167.71,13.19
2025-06-04 17:13:29,238.83,15.98,186.33,46.14
2025-06-04 17:13:34,95.47,5.85,113.0,57.13
2025-06-04 17:13:39,271.12,3.74,149.56,34.33
2025-06-04 17:13:44,185.66,16.91,135.2,31.11
2025-06-04 17:13:49,254.37,19.52,238.59,52.63
2025-06-04 17:13:54,205.83,6.95,224.32,35.96
2025-06-04 17:13:59,308.35,17.83,182.24,28.74
2025-06-04 17:14:04,467.43,15.9,195.89,33.89
2025-06-04 17:14:09,388.57,6.42,62.43,58.4
2025-06-04 17:14:14,81.65,11.47,73.14,30.99
2025-06-04 17:14:19,496.63,20.93,68.68,22.55
2025-06-04 17:14:24,377.98,23.43,77.35,16.35
2025-06-04 17:14:29,396.19,20.74,43.37,48.94
2025-06-04 17:14:34,193.01,20.82,43.96,28.13
2025-06-04 17:14:39,348.15,20.73,242.47,33.7
2025-06-04 17:14:44,223.51,15.66,139.3,20.86
2025-06-04 17:14:49,356.77,21.61,151.43,43.93
2025-06-04 17:14:54,217.07,20.1,52.54,28.77
2025-06-04 17:14:59,408.08,21.13,154.08,25.98
2025-06-04 17:15:05,248.37,19.85,142.93,49.27
2025-06-04 17:15:10,448.62,19.54,70.67,59.5
2025-06-04 17:15:15,387.92,19.97,119.36,17.13
2025-06-04 17:15:20,102.79,4.71,105.21,51.65
2025-06-04 17:15:25,538.55,17.98,131.88,52.36
2025-06-04 17:15:30,155.55,19.86,73.64,6.34
2025-06-04 17:15:35,374.65,17.1,244.13,5.2
2025-06-04 17:15:40,475.83,15.83,201.76,16.78
2025-06-04 17:15:45,523.37,14.9,191.89,13.88
2025-06-04 17:15:50,442.64,16.3,164.8,8.05
2025-06-04 17:15:55,368.32,9.58,187.75,31.16
2025-06-04 17:16:00,343.75,11.05,109.88,36.74
2025-06-04 17:16:05,149.95,15.22,212.48,7.95
2025-06-04 17:16:10,421.86,23.79,132.93,7.05
2025-06-04 17:16:15,544.76,14.64,188.82,29.79
2025-06-04 17:16:20,389.03,9.51,241.0,19.96
2025-06-04 17:16:25,420.29,21.5,183.44,40.16
2025-06-04 17:16:30,174.5,19.28,239.35,33.6
2025-06-04 17:16:35,350.04,15.31,153.94,8.31
2025-06-04 17:16:40,115.05,6.8,162.42,28.21
2025-06-04 17:16:45,437.66,14.7,193.0,24.76
2025-06-04 17:16:50,104.32,23.04,83.18,6.36
2025-06-04 17:16:55,368.6,16.07,48.48,22.29
2025-06-04 17:17:00,89.9,28.24,55.78,34.61
2025-06-04 17:17:05,579.21,12.01,192.53,52.65
2025-06-04 17:17:10,101.32,28.62,65.69,53.32
2025-06-04 17:17:15,227.89,29.36,145.6,14.32
2025-06-04 17:17:20,367.57,5.01,116.37,43.53
2025-06-04 17:17:25,322.89,9.74,95.63,57.89
2025-06-04 17:17:30,373.35,13.13,174.82,38.5
2025-06-04 17:17:35,156.1,23.71,55.18,19.12
2025-06-04 17:17:40,385.31,29.68,192.6,57.12
2025-06-04 17:17:45,143.92,5.13,92.48,56.98
2025-06-04 17:17:50,356.61,14.85,114.14,50.88
2025-06-04 17:17:55,342.65,20.27,119.05,28.02
2025-06-04 17:18:00,189.24,8.37,48.69,29.01
2025-06-04 17:18:05,127.59,15.44,187.18,37.89
2025-06-04 17:18:10,503.86,11.81,177.7,46.1
2025-06-04 17:18:15,309.28,16.97,49.68,19.96
2025-06-04 17:18:20,403.98,7.65,91.0,51.34
2025-06-04 17:18:25,287.77,28.41,83.35,41.55
2025-06-04 17:18:30,550.04,3.51,154.28,27.83
2025-06-04 17:18:35,447.71,24.4,193.95,29.45
2025-06-04 17:18:40,144.42,13.76,182.18,10.18
2025-06-04 17:18:45,443.78,22.9,108.01,53.64
2025-06-04 17:18:50,149.3,22.09,69.37,31.86
2025-06-04 17:18:55,128.64,15.49,64.26,53.92
2025-06-04 17:19:00,497.12,16.99,172.85,43.78
2025-06-04 17:19:05,205.24,11.53,84.82,38.17
2025-06-04 17:19:10,581.01,9.37,116.14,56.55
2025-06-04 17:19:15,272.85,15.94,72.35,34.54
2025-06-04 17:19:20,372.64,8.78,59.1,11.87
2025-06-04 17:19:25,466.65,4.34,141.99,53.24
2025-06-04 17:19:30,85.09,24.91,82.57,21.89
2025-06-04 17:19:35,183.49,16.6,240.82,12.88
2025-06-04 17:19:40,246.12,15.72,165.53,17.47
2025-06-04 17:19:45,573.57,15.46,190.82,23.0
2025-06-04 17:19:50,333.34,7.2,168.25,6.91
2025-06-04 17:19:55,490.09,27.52,179.0,57.35
2025-06-04 17:20:00,216.8,3.39,136.44,32.15
2025-06-04 17:20:05,368.73,4.32,232.2,25.81
2025-06-04 17:20:10,285.3,6.65,231.25,25.51
2025-06-04 17:20:15,437.66,14.06,218.54,23.17
2025-06-04 17:20:20,223.01,6.11,173.88,39.87
2025-06-04 17:20:25,441.83,21.47,243.05,32.24
2025-06-04 17:20:30,136.16,15.17,186.27,24.68
2025-06-04 17:20:35,196.84,26.48,154.46,46.48
2025-06-04 17:20:40,112.09,4.03,123.89,24.97
2025-06-04 17:20:45,291.33,24.02,119.44,33.09
2025-06-04 17:20:50,427.12,17.33,127.27,16.86
2025-06-04 17:20:55,223.54,23.23,49.96,28.06
2025-06-04 17:21:00,491.66,22.15,54.48,14.38
2025-06-04 17:21:05,597.23,6.67,93.04,47.08
2025-06-04 17:21:10,258.92,24.29,201.4,24.55
2025-06-04 17:21:15,353.93,12.51,79.38,8.21
2025-06-04 17:21:20,508.54,15.9,55.23,34.61
2025-06-04 17:21:25,266.91,24.33,41.08,51.5
2025-06-04 17:21:30,379.27,17.05,120.1,30.08
2025-06-04 17:21:35,479.83,13.72,48.35,34.42
2025-06-04 17:21:40,440.67,9.18,107.2,7.02
2025-06-04 17:21:46,149.44,15.57,114.02,56.46
2025-06-04 17:21:51,340.73,16.47,223.41,10.41
2025-06-04 17:21:56,238.16,16.74,66.14,18.59
2025-06-04 17:22:01,473.14,6.62,97.4,32.4
2025-06-04 17:22:06,463.55,17.41,110.48,26.02
2025-06-04 17:22:11,468.85,21.29,208.27,27.0
2025-06-04 17:22:16,322.65,26.51,130.57,27.47
2025-06-04 17:22:21,436.52,26.58,220.88,45.41
2025-06-04 17:22:26,321.91,15.97,75.01,17.97
2025-06-04 17:22:31,256.9,15.3,197.36,44.49
2025-06-04 17:22:36,183.72,17.71,123.42,38.78
2025-06-04 17:22:41,182.38,5.48,216.15,8.81
2025-06-04 17:22:46,453.92,3.49,70.45,42.84
2025-06-04 17:22:51,179.71,5.63,60.82,29.3
2025-06-04 17:22:56,511.79,18.64,135.45,14.09
2025-06-04 17:23:01,434.16,27.35,225.41,17.43
2025-06-04 17:23:06,587.04,19.24,134.97,54.99
2025-06-04 17:23:11,366.14,21.97,193.44,52.42
2025-06-04 17:23:16,188.24,10.41,52.34,26.96
2025-06-04 17:23:21,526.17,11.15,54.51,50.38
2025-06-04 17:23:26,108.08,9.3,77.26,49.92
2025-06-04 17:23:31,265.18,24.83,71.09,12.45
2025-06-04 17:23:36,567.72,17.8,69.58,23.32
2025-06-04 17:23:41,251.84,20.09,113.75,6.41
2025-06-04 17:23:46,378.68,17.72,228.69,31.95
2025-06-04 17:23:51,223.12,11.0,57.17,52.9
2025-06-04 17:23:56,205.08,4.11,92.55,50.68
2025-06-04 17:24:01,292.63,10.5,230.38,13.42
2025-06-04 17:24:06,264.69,27.31,60.36,58.0
2025-06-04 17:24:11,356.88,24.06,243.7,14.85
2025-06-04 17:24:16,250.15,29.78,229.7,48.94
2025-06-04 17:24:21,153.9,26.87,110.65,49.34
2025-06-04 17:24:26,167.77,3.58,178.27,58.26
2025-06-04 17:24:31,296.93,25.08,249.96,28.07
2025-06-04 17:24:36,438.4,16.39,235.77,25.22
2025-06-04 17:24:41,231.54,11.65,67.39,21.15
2025-06-04 17:24:46,271.73,22.89,142.02,51.42
2025-06-04 17:24:51,352.77,8.68,54.98,59.33
2025-06-04 17:24:56,196.31,5.62,230.91,30.98
2025-06-04 17:25:01,147.75,27.77,216.49,55.24
2025-06-04 17:25:06,160.55,27.31,171.47,15.16
2025-06-04 17:25:11,238.81,24.81,54.96,28.6
2025-06-04 17:25:16,375.49,29.58,114.86,13.26
2025-06-04 17:25:21,90.99,6.55,49.88,34.28
2025-06-04 17:25:26,538.68,24.93,83.95,43.07
2025-06-04 17:25:31,175.27,7.02,82.42,22.28
2025-06-04 17:25:36,117.12,18.98,57.19,42.36
2025-06-04 17:25:41,305.28,9.25,229.17,38.92
2025-06-04 17:25:46,358.46,6.78,49.16,45.49
2025-06-04 17:25:51,353.58,16.4,138.47,35.0
2025-06-04 17:25:56,583.29,21.53,202.75,24.56
2025-06-04 17:26:01,182.6,29.03,83.84,38.78
2025-06-04 17:26:06,196.32,29.75,201.45,14.67
2025-06-04 17:26:11,107.01,24.46,170.04,57.65
2025-06-04 17:26:16,563.06,21.53,162.98,10.12
2025-06-04 17:26:21,228.11,15.59,67.32,24.43
2025-06-04 17:26:26,485.5,7.85,66.78,9.33
2025-06-04 17:26:31,177.46,4.18,234.4,31.43
2025-06-04 17:26:36,210.22,7.06,118.33,52.77
2025-06-04 17:26:41,576.67,6.56,247.07,25.41
2025-06-04 17:26:46,506.51,8.36,232.04,10.5
2025-06-04 17:26:51,396.89,22.91,224.46,16.34
2025-06-04 17:26:56,128.52,29.11,92.28,53.48
2025-06-04 17:27:01,333.26,22.72,167.87,41.97
2025-06-04 17:27:06,477.03,5.21,67.3,29.65
2025-06-04 17:27:11,455.03,24.08,192.48,27.83
2025-06-04 17:27:16,483.12,4.93,118.47,49.82
2025-06-04 17:27:21,313.19,10.39,122.28,11.31
2025-06-04 17:27:27,353.41,25.04,51.54,58.41
2025-06-04 17:27:32,535.95,27.56,46.26,40.59
2025-06-04 17:27:37,90.69,27.51,227.58,11.02
2025-06-04 17:27:42,462.95,13.62,214.87,42.73
2025-06-04 17:27:47,418.9,9.2,55.61,30.62
2025-06-04 17:27:52,453.4,7.56,180.59,12.5
2025-06-04 17:27:57,471.0,4.78,126.9,12.97
2025-06-04 17:28:02,575.48,25.08,220.95,6.13
2025-06-04 17:28:07,591.41,26.06,135.64,56.27
2025-06-04 17:28:12,446.21,18.42,231.11,17.43
2025-06-04 17:28:17,153.54,28.86,57.59,25.58
2025-06-04 17:28:22,307.19,16.62,116.76,24.73
2025-06-04 17:28:27,109.9,11.72,218.37,6.41
2025-06-04 17:28:32,158.02,27.11,68.44,6.09
2025-06-04 17:28:37,306.03,16.34,141.7,27.24
2025-06-04 17:28:42,179.91,13.94,112.24,5.69
2025-06-04 17:28:47,285.32,11.92,45.05,25.98
2025-06-04 17:28:52,250.32,28.42,152.6,59.52
2025-06-04 17:28:57,551.48,7.17,127.6,59.43
2025-06-04 17:29:02,579.18,20.51,196.17,42.66
2025-06-04 17:29:07,190.55,11.65,53.88,51.08
2025-06-04 17:29:12,339.23,4.58,49.82,8.82
2025-06-04 17:29:17,80.4,27.57,164.54,25.75
2025-06-04 17:29:22,421.37,13.18,222.52,40.31
2025-06-04 17:29:27,385.95,22.35,157.82,13.57
2025-06-04 17:29:32,132.56,14.48,40.17,22.81
2025-06-04 17:29:37,376.11,27.88,131.51,12.97
2025-06-04 17:29:42,229.09,17.1,170.39,42.96
2025-06-04 17:29:47,205.49,7.22,161.93,51.99
2025-06-04 17:29:52,138.67,7.5,82.63,58.39
2025-06-04 17:29:57,184.48,4.13,69.89,32.79
2025-06-04 17:30:02,223.35,25.27,139.09,51.03
2025-06-04 17:30:07,166.48,26.76,175.64,26.6
2025-06-04 17:30:12,483.26,16.71,158.26,9.83
2025-06-04 17:30:17,574.12,18.91,54.66,7.84
2025-06-04 17:30:22,85.73,7.18,154.72,24.48
2025-06-04 17:30:27,460.49,11.78,243.13,53.54
2025-06-04 17:30:32,188.52,26.91,198.37,39.52
2025-06-04 17:30:37,120.87,11.15,126.36,7.49
2025-06-04 17:30:42,599.05,12.8,171.8,17.21
2025-06-04 17:30:47,495.9,8.02,48.41,25.39
2025-06-04 17:30:52,471.43,16.71,146.67,48.21
2025-06-04 17:30:57,219.11,18.45,106.91,47.82
2025-06-04 17:31:02,407.62,14.35,214.05,49.84
2025-06-04 17:31:07,580.94,13.29,167.91,22.57
2025-06-04 17:31:12,206.91,16.57,183.08,18.33
2025-06-04 17:31:17,256.18,6.37,151.25,10.96
2025-06-04 17:31:22,487.56,15.19,197.72,51.49
2025-06-04 17:31:27,597.07,15.58,97.68,58.5
2025-06-04 17:31:32,449.5,27.68,154.17,41.97
2025-06-04 17:31:37,292.81,4.82,215.65,31.71
2025-06-04 17:31:42,275.25,10.45,63.26,28.25
2025-06-04 17:31:47,102.46,27.38,156.0,55.19
2025-06-04 17:31:52,257.27,18.41,85.12,45.66
2025-06-04 17:31:57,148.11,23.55,90.21,59.5
2025-06-04 17:32:02,339.08,28.92,79.9,6.52
2025-06-04 17:32:07,196.2,24.03,107.52,47.9
2025-06-04 17:32:12,578.41,4.03,146.59,48.46
2025-06-04 17:32:17,584.92,17.37,61.09,54.53
2025-06-04 17:32:22,501.72,8.01,192.5,47.51
2025-06-04 17:32:28,347.14,19.56,79.29,9.59
2025-06-04 17:32:33,211.7,4.47,58.81,53.56
2025-06-04 17:32:38,180.83,13.63,83.12,50.22
2025-06-04 17:32:43,369.95,10.98,97.44,43.59
2025-06-04 17:32:48,418.55,22.66,80.25,45.49
2025-06-04 17:32:53,415.96,12.17,151.35,43.27
2025-06-04 17:32:58,262.65,11.41,228.09,35.28
2025-06-04 17:33:03,226.78,24.33,170.12,6.03
2025-06-04 17:33:08,286.94,22.09,103.08,19.15
2025-06-04 17:33:13,187.87,11.86,168.83,17.65
2025-06-04 17:33:18,361.82,18.37,102.76,57.93
2025-06-04 17:33:23,148.75,16.33,121.68,54.43
2025-06-04 17:33:28,333.42,24.59,78.42,37.62
2025-06-04 17:33:33,359.71,20.1,231.94,37.45
2025-06-04 17:33:38,490.27,5.11,233.19,42.45
2025-06-04 17:33:43,370.3,11.01,157.51,30.24
2025-06-04 17:33:48,368.62,8.26,201.69,5.93
2025-06-04 17:33:53,123.71,22.53,167.63,22.94
2025-06-04 17:33:58,90.05,12.7,209.61,38.82
2025-06-04 17:34:03,545.98,17.97,176.63,53.85
2025-06-04 17:34:08,174.53,9.28,206.94,22.85
2025-06-04 17:34:13,378.81,4.78,220.44,7.9
2025-06-04 17:34:18,348.57,16.53,109.46,43.44
2025-06-04 17:34:23,333.48,16.75,108.7,40.31
2025-06-04 17:34:28,341.88,21.56,139.35,59.07
2025-06-04 17:34:33,483.19,4.48,46.59,23.96
2025-06-04 17:34:38,135.09,5.89,185.16,17.17
2025-06-04 17:34:43,534.95,14.8,62.07,53.13
2025-06-04 17:34:48,297.54,3.54,145.21,18.07
2025-06-04 17:34:53,128.75,9.7,78.43,44.8
2025-06-04 17:34:58,204.68,18.22,51.78,42.21
2025-06-04 17:35:03,483.51,26.66,48.54,52.42
2025-06-04 17:35:08,369.55,18.17,229.47,50.19
2025-06-04 17:35:13,166.2,13.64,130.59,23.23
2025-06-04 17:35:18,456.24,18.63,190.39,32.59
2025-06-04 17:35:23,289.71,6.3,128.4,34.97
2025-06-04 17:35:28,250.93,19.47,55.57,9.62
2025-06-04 17:35:33,561.49,21.13,148.41,14.76
2025-06-04 17:35:38,449.24,5.39,155.16,40.03
2025-06-04 17:35:43,109.42,20.11,69.46,59.64
2025-06-04 17:35:48,262.81,6.58,172.31,5.38
2025-06-04 17:35:53,385.91,3.41,234.11,28.17
2025-06-04 17:35:58,463.72,28.67,126.63,53.7
2025-06-04 17:36:03,190.37,10.08,108.22,24.94
2025-06-04 17:36:08,407.44,16.37,134.57,33.78
2025-06-04 17:36:13,477.82,13.21,164.09,41.94
2025-06-04 17:36:18,438.6,20.85,228.76,32.71
2025-06-04 17:36:23,263.81,25.71,226.34,13.68
2025-06-04 17:36:28,598.18,12.5,73.8,16.22
2025-06-04 17:36:33,545.85,17.02,86.25,51.84
2025-06-04 17:36:38,234.38,6.57,95.76,39.65
2025-06-04 17:36:43,148.11,19.35,187.95,39.87
2025-06-04 17:36:48,280.33,16.84,200.29,11.82
2025-06-04 17:36:53,465.8,9.26,218.38,36.96
2025-06-04 17:36:58,178.34,7.84,173.88,14.64
2025-06-04 17:37:03,191.66,21.61,114.04,10.82
2025-06-04 17:37:08,551.87,19.63,119.42,35.8
2025-06-04 17:37:13,531.06,9.38,136.32,23.61
2025-06-04 17:37:18,305.16,13.31,101.71,12.19
2025-06-04 17:37:23,207.79,25.9,160.02,27.7
2025-06-04 17:37:28,527.42,7.67,102.62,22.9
2025-06-04 17:37:33,248.81,19.21,227.21,22.01
2025-06-04 17:37:38,371.12,16.94,102.82,28.45
2025-06-04 17:37:43,332.16,16.8,139.19,9.69
2025-06-04 17:37:48,180.46,28.58,54.4,50.02
2025-06-04 17:37:53,348.72,19.84,247.51,33.07
2025-06-04 17:37:58,242.26,3.38,157.15,52.25
2025-06-04 17:38:03,360.37,5.85,66.3,46.74
2025-06-04 17:38:08,500.69,25.62,158.06,50.89
2025-06-04 17:38:13,579.64,15.61,100.05,45.55
2025-06-04 17:38:18,407.9,27.99,138.88,37.86
2025-06-04 17:38:23,394.25,27.57,104.65,11.01
2025-06-04 17:38:28,203.36,27.13,75.12,37.14
2025-06-04 17:38:33,344.05,12.5,85.2,31.15
2025-06-04 17:38:38,316.06,28.14,115.9,14.72
2025-06-04 17:38:43,483.61,23.9,55.25,39.38
2025-06-04 17:38:48,299.37,7.14,137.37,13.06
2025-06-04 17:38:53,286.45,14.4,118.15,8.45
2025-06-04 17:38:58,318.57,12.96,214.17,56.53
2025-06-04 17:39:03,283.26,29.65,78.44,6.79
2025-06-04 17:39:09,501.46,21.37,120.13,25.79
2025-06-04 17:39:14,180.13,23.15,225.29,57.72
2025-06-04 17:39:19,253.94,22.2,117.76,27.33
2025-06-04 17:39:24,119.67,20.77,147.43,38.62
2025-06-04 17:39:29,259.32,20.24,114.53,40.55
2025-06-04 17:39:34,200.44,23.73,222.86,33.94
2025-06-04 17:39:39,290.31,13.9,59.77,23.73
2025-06-04 17:39:44,521.66,6.32,178.8,30.71
2025-06-04 17:39:49,401.64,14.38,114.43,13.89
2025-06-04 17:39:54,89.28,11.27,209.08,40.0
2025-06-04 17:39:59,114.51,6.73,151.75,25.81
2025-06-04 17:40:04,229.45,25.94,78.48,49.65
2025-06-04 17:40:09,110.34,7.49,183.16,52.06
2025-06-04 17:40:14,512.64,20.86,214.56,27.21
2025-06-04 17:40:19,409.29,21.44,164.01,59.12
2025-06-04 17:40:24,497.69,7.56,203.68,24.28
2025-06-04 17:40:29,149.54,9.91,196.06,10.87
2025-06-04 17:40:34,454.93,29.97,230.73,14.62
2025-06-04 17:40:39,401.84,21.43,222.0,6.68
2025-06-04 17:40:44,238.78,10.23,179.17,18.51
2025-06-04 17:40:49,87.29,23.23,107.64,18.48
2025-06-04 17:40:54,520.73,7.0,216.88,46.08
2025-06-04 17:40:59,94.66,8.16,214.56,36.17
2025-06-04 17:41:04,196.39,4.79,194.23,15.87
2025-06-04 17:41:09,272.33,3.88,155.75,5.27
2025-06-04 17:41:14,405.76,23.45,84.01,24.0
2025-06-04 17:41:19,558.19,27.47,135.35,5.57
2025-06-04 17:41:24,171.49,9.27,153.57,15.64
2025-06-04 17:41:29,221.24,5.25,202.08,44.86
2025-06-04 17:41:34,190.26,13.63,146.24,42.54
2025-06-04 17:41:39,306.54,5.15,178.37,57.04
2025-06-04 17:41:44,109.59,20.2,87.01,14.39
2025-06-04 17:41:49,277.43,10.46,48.95,41.53
2025-06-04 17:41:54,266.86,10.63,110.09,18.44
2025-06-04 17:41:59,491.35,19.77,135.47,47.45
2025-06-04 17:42:04,314.47,28.01,165.07,30.25
2025-06-04 17:42:09,549.67,22.31,126.17,11.22
2025-06-04 17:42:14,304.51,28.75,65.87,21.17
2025-06-04 17:42:19,160.15,24.96,200.31,35.16
2025-06-04 17:42:24,382.79,5.59,130.39,43.51
2025-06-04 17:42:29,586.01,24.44,137.21,47.42
2025-06-04 17:42:34,462.31,29.62,211.56,54.75
2025-06-04 17:42:39,330.76,5.89,127.09,40.95
2025-06-04 17:42:44,410.61,18.96,188.52,28.06
2025-06-04 17:42:49,254.19,14.22,224.51,23.85
2025-06-04 17:42:54,467.52,23.7,198.27,44.21
2025-06-04 17:42:59,201.75,25.85,235.83,17.24
2025-06-04 17:43:04,325.7,5.13,246.28,20.88
2025-06-04 17:43:09,100.52,15.65,144.02,51.59
2025-06-04 17:43:14,555.67,3.32,134.29,10.82
2025-06-04 17:43:19,521.28,20.42,174.35,16.74
2025-06-04 17:43:24,586.62,16.83,62.35,26.41
2025-06-04 17:43:29,470.85,15.78,125.54,54.49
2025-06-04 17:43:34,146.15,12.24,95.68,27.99
2025-06-04 17:43:39,432.32,20.85,99.85,32.47
2025-06-04 17:43:44,129.18,9.1,121.37,8.73
2025-06-04 17:43:49,82.61,18.94,76.46,6.69
2025-06-04 17:43:54,129.88,24.21,43.83,27.81
2025-06-04 17:43:59,225.61,12.54,229.23,34.63
2025-06-04 17:44:04,206.18,20.16,51.86,22.45
2025-06-04 17:44:09,201.67,26.29,49.73,14.66
2025-06-04 17:44:14,516.05,18.41,154.64,53.97
2025-06-04 17:44:19,493.96,20.75,99.9,33.37
2025-06-04 17:44:24,92.38,22.69,163.79,34.83
2025-06-04 17:44:29,560.02,27.52,91.72,44.78
2025-06-04 17:44:34,338.08,27.42,216.27,6.6
2025-06-04 17:44:39,224.22,14.54,90.91,37.61
2025-06-04 17:44:44,84.34,26.92,97.54,9.06
2025-06-04 17:44:49,442.17,16.22,129.29,52.94
2025-06-04 17:44:54,374.65,14.85,71.83,46.88
2025-06-04 17:44:59,261.52,3.2,168.66,41.65
2025-06-04 17:45:04,383.07,8.47,52.55,53.91
2025-06-04 17:45:09,209.14,28.43,41.78,31.47
2025-06-04 17:45:14,225.59,22.37,59.54,49.37
2025-06-04 17:45:20,344.66,21.92,159.28,30.34
2025-06-04 17:45:25,254.13,29.04,86.45,15.63
2025-06-04 17:45:30,504.86,19.3,147.98,10.01
2025-06-04 17:45:35,508.68,18.83,231.36,47.61
2025-06-04 17:45:40,424.17,10.58,76.51,40.6
2025-06-04 17:45:45,491.37,7.91,123.61,41.98
2025-06-04 17:45:50,514.26,5.04,156.96,8.77
2025-06-04 17:45:55,416.56,27.62,82.78,5.75
2025-06-04 17:46:00,318.04,9.34,234.51,47.59
2025-06-04 17:46:05,461.99,27.05,84.75,37.55
2025-06-04 17:46:10,292.43,10.37,229.13,19.77
2025-06-04 17:46:15,152.53,16.88,77.89,16.98
2025-06-04 17:46:20,124.57,17.59,177.7,35.29
2025-06-04 17:46:25,146.88,27.81,214.34,16.43
2025-06-04 17:46:30,430.19,11.2,234.41,53.44
2025-06-04 17:46:35,599.93,19.62,238.58,58.97
2025-06-04 17:46:40,563.29,21.49,230.44,49.32
2025-06-04 17:46:45,103.16,5.44,231.64,58.07
2025-06-04 17:46:50,370.18,8.57,248.01,13.1
2025-06-04 17:46:55,566.87,18.79,155.72,55.27
2025-06-04 17:47:00,324.21,23.37,160.27,26.6
2025-06-04 17:47:05,319.88,27.9,95.69,56.13
2025-06-04 17:47:10,380.81,5.79,152.72,27.92
2025-06-04 17:47:15,375.02,3.03,229.55,29.06
2025-06-04 17:47:20,123.74,28.21,225.34,13.6
2025-06-04 17:47:25,123.12,23.35,144.95,21.51
2025-06-04 17:47:30,454.88,27.58,185.68,11.94
2025-06-04 17:47:35,152.37,5.32,241.0,9.32
2025-06-04 17:47:40,295.3,11.35,211.75,11.27
2025-06-04 17:47:45,502.8,27.72,81.09,48.63
2025-06-04 17:47:50,168.35,9.95,187.09,33.5
2025-06-04 17:47:55,246.17,8.24,199.51,46.09
2025-06-04 17:48:00,457.01,24.13,225.67,24.62
2025-06-04 17:48:05,495.39,5.66,98.34,36.95
2025-06-04 17:48:10,477.57,14.21,67.5,12.0
2025-06-04 17:48:15,351.34,6.93,116.52,10.34
2025-06-04 17:48:20,253.38,29.83,40.56,44.86
2025-06-04 17:48:25,251.67,4.99,241.62,35.23
2025-06-04 17:48:30,204.4,13.19,202.62,30.95
2025-06-04 17:48:35,351.65,21.58,189.67,52.34
2025-06-04 17:48:40,344.38,10.85,215.01,31.82
2025-06-04 17:48:45,413.31,3.66,95.59,27.22
2025-06-04 17:48:50,248.6,13.18,249.91,52.21
2025-06-04 17:48:55,181.01,24.9,152.51,47.89
2025-06-04 17:49:00,401.42,28.17,73.61,49.15
2025-06-04 17:49:05,260.87,24.62,234.47,48.88
2025-06-04 17:49:10,422.32,19.15,167.73,18.15
2025-06-04 17:49:15,554.11,13.6,42.09,12.75
2025-06-04 17:49:20,264.85,6.44,93.65,27.98
2025-06-04 17:49:25,229.95,6.76,178.14,9.31
2025-06-04 17:49:30,300.31,26.4,50.4,23.76
2025-06-04 17:49:35,234.16,27.36,160.35,9.01
2025-06-04 17:49:40,218.62,24.55,223.14,8.28
2025-06-04 17:49:45,592.22,5.53,198.32,56.16
2025-06-04 17:49:50,315.05,16.08,181.7,22.24
2025-06-04 17:49:55,235.75,15.64,145.33,40.79
2025-06-04 17:50:00,394.37,18.82,164.43,19.79
2025-06-04 17:50:05,461.29,8.77,184.15,29.76
2025-06-04 17:50:10,495.68,9.34,82.55,43.07
2025-06-04 17:50:15,115.97,21.34,228.25,29.87
2025-06-04 17:50:20,148.15,15.84,159.91,54.35
2025-06-04 17:50:25,510.83,3.35,99.54,43.47
2025-06-04 17:50:30,554.83,13.13,130.91,24.41
2025-06-04 17:50:35,272.92,10.18,241.61,21.9
2025-06-04 17:50:40,531.14,17.12,166.22,59.37
2025-06-04 17:50:45,204.17,19.44,232.99,21.57
2025-06-04 17:50:50,315.67,4.64,135.19,25.24
2025-06-04 17:50:55,160.55,16.48,167.25,58.47
2025-06-04 17:51:00,342.99,18.4,47.36,35.89
2025-06-04 17:51:05,185.72,25.44,157.49,23.16
2025-06-04 17:51:10,293.69,26.63,230.86,16.87
2025-06-04 17:51:15,91.86,26.06,60.09,52.38
2025-06-04 17:51:21,294.09,28.58,144.37,56.24
2025-06-04 17:51:26,269.46,4.73,130.15,15.45
2025-06-04 17:51:31,186.55,28.29,155.73,26.36
2025-06-04 17:51:36,144.12,26.51,120.49,22.35
2025-06-04 17:51:41,240.4,28.29,153.08,18.29
2025-06-04 17:51:46,92.17,25.38,189.81,39.68
2025-06-04 17:51:51,555.99,6.93,63.21,31.71
2025-06-04 17:51:56,185.27,13.52,161.92,17.29
2025-06-04 17:52:01,428.3,25.5,227.31,47.62
2025-06-04 17:52:06,420.44,21.15,160.46,16.71
2025-06-04 17:52:11,460.53,25.84,97.4,48.69
2025-06-04 17:52:16,508.69,17.88,196.59,30.88
2025-06-04 17:52:21,354.6,5.26,183.03,29.96
2025-06-04 17:52:26,545.24,27.12,83.11,5.47
2025-06-04 17:52:31,191.92,28.91,239.46,28.89
2025-06-04 17:52:36,80.6,18.25,213.3,20.87
2025-06-04 17:52:41,88.53,9.44,70.87,41.55
2025-06-04 17:52:46,437.26,17.64,201.58,45.14
2025-06-04 17:52:51,321.12,25.94,96.32,50.86
2025-06-04 17:52:56,80.94,27.55,102.21,42.74
2025-06-04 17:53:01,159.12,10.05,218.43,21.63
2025-06-04 17:53:06,591.21,24.89,144.61,54.18
2025-06-04 17:53:11,212.56,3.02,225.71,29.66
2025-06-04 17:53:16,149.08,9.13,191.92,6.93
2025-06-04 17:53:21,326.91,5.33,207.47,59.06
2025-06-04 17:53:26,500.23,26.48,167.74,23.65
2025-06-04 17:53:31,80.74,17.77,99.66,32.73
2025-06-04 17:53:36,390.41,11.52,248.65,27.51
2025-06-04 17:53:41,365.55,15.58,150.01,38.08
2025-06-04 17:53:46,130.55,10.59,230.74,19.39
2025-06-04 17:53:51,416.23,13.51,64.11,18.63
2025-06-04 17:53:56,282.88,20.02,192.7,14.43
2025-06-04 17:54:01,154.5,15.99,210.97,36.62
2025-06-04 17:54:06,521.12,12.84,138.33,13.7
2025-06-04 17:54:11,433.58,7.61,240.96,9.64
2025-06-04 17:54:16,533.25,21.23,51.7,6.8
2025-06-04 17:54:21,395.09,13.27,175.5,15.62
2025-06-04 17:54:26,214.02,18.14,85.77,50.62
2025-06-04 17:54:31,204.53,15.98,191.15,46.96
2025-06-04 17:54:36,154.98,24.46,196.75,59.78
2025-06-04 17:54:41,409.36,16.08,57.56,10.33
2025-06-04 17:54:46,232.11,8.39,222.38,37.25
2025-06-04 17:54:51,407.9,12.1,140.83,23.09
2025-06-04 17:54:56,146.2,10.46,209.95,38.41
2025-06-04 17:55:01,575.12,12.57,55.65,35.37
2025-06-04 17:55:06,321.8,28.47,91.65,14.31
2025-06-04 17:55:11,172.08,10.19,41.51,34.53
2025-06-04 17:55:16,256.43,28.18,224.17,45.67
2025-06-04 17:55:21,406.5,24.48,66.44,17.58
2025-06-04 17:55:26,442.91,6.9,144.94,44.82
2025-06-04 17:55:31,441.27,8.06,51.35,10.43
2025-06-04 17:55:36,258.38,14.06,170.88,17.25
2025-06-04 17:55:41,437.71,27.32,234.1,12.39
2025-06-04 17:55:46,341.08,13.26,208.87,33.26
2025-06-04 17:55:51,185.57,18.56,46.95,15.88
2025-06-04 17:55:56,243.58,5.83,53.53,37.23
2025-06-04 17:56:01,96.48,8.0,59.32,18.55
2025-06-04 17:56:06,91.48,9.88,129.24,53.0
2025-06-04 17:56:11,424.04,29.94,194.41,17.1
2025-06-04 17:56:16,363.99,16.76,228.62,43.71
2025-06-04 17:56:21,580.72,10.11,235.74,19.39
2025-06-04 17:56:26,361.73,5.57,192.0,32.08
2025-06-04 17:56:31,467.66,21.21,92.34,10.64
2025-06-04 17:56:36,263.17,27.83,87.48,47.95
2025-06-04 17:56:41,478.93,3.87,116.31,48.92
2025-06-04 17:56:46,598.93,29.44,134.8,30.48
2025-06-04 17:56:51,433.43,27.42,172.67,40.54
2025-06-04 17:56:56,184.5,19.18,241.78,9.83
2025-06-04 17:57:02,517.09,10.1,114.54,36.32
2025-06-04 17:57:07,531.48,13.12,231.62,41.91
2025-06-04 17:57:12,112.02,5.66,126.13,16.44
2025-06-04 17:57:17,578.14,13.18,249.77,29.03
2025-06-04 17:57:22,396.63,14.45,129.44,6.94
2025-06-04 17:57:27,369.67,18.23,186.24,36.51
2025-06-04 17:57:32,446.03,7.66,238.3,10.26
2025-06-04 17:57:37,100.73,16.18,87.28,52.91
2025-06-04 17:57:42,407.16,20.32,175.96,52.2
2025-06-04 17:57:47,499.85,18.97,99.81,16.55
2025-06-04 17:57:52,302.34,17.4,207.09,36.13
2025-06-04 17:57:57,110.37,13.52,145.34,55.42
2025-06-04 17:58:02,427.69,26.65,198.93,35.22
2025-06-04 17:58:07,300.59,3.92,169.63,40.08
2025-06-04 17:58:12,230.7,29.33,212.23,49.32
2025-06-04 17:58:17,120.63,14.66,241.8,36.94
2025-06-04 17:58:22,490.11,12.94,210.19,49.04
2025-06-04 17:58:27,215.09,26.59,47.19,52.03
2025-06-04 17:58:32,234.4,4.32,187.52,21.14
2025-06-04 17:58:37,548.23,18.0,48.76,27.26
2025-06-04 17:58:42,271.39,24.22,41.45,49.55
2025-06-04 17:58:47,142.52,24.1,161.08,17.57
2025-06-04 17:58:52,360.66,23.99,243.83,20.29
2025-06-04 17:58:57,210.78,5.18,126.7,31.63
2025-06-04 17:59:02,292.55,6.02,75.54,15.52
2025-06-04 17:59:07,408.78,16.07,238.44,5.12
2025-06-04 17:59:12,374.67,20.53,160.58,51.06
2025-06-04 17:59:17,199.86,22.81,90.19,45.17
2025-06-04 17:59:22,293.78,6.99,131.24,54.27
2025-06-04 17:59:27,390.77,18.29,185.75,6.43
2025-06-04 17:59:32,184.09,24.74,138.85,26.93
2025-06-04 17:59:37,169.62,9.53,242.24,49.12
2025-06-04 17:59:42,572.38,11.88,95.13,56.35
2025-06-04 17:59:47,392.53,9.88,122.89,22.76
2025-06-04 17:59:52,94.63,5.53,182.67,55.33
2025-06-04 17:59:57,572.29,11.59,147.66,26.97
2025-06-04 18:00:02,260.93,28.77,248.96,39.72
2025-06-04 18:00:07,580.17,25.23,215.3,8.69
2025-06-04 18:00:12,549.65,3.21,243.88,6.52
2025-06-04 18:00:17,374.63,5.53,146.06,32.29
2025-06-04 18:00:22,178.17,20.35,206.51,26.69
2025-06-04 18:00:27,449.22,22.51,174.64,14.83
2025-06-04 18:00:32,572.59,21.86,152.4,37.47
2025-06-04 18:00:37,242.05,7.24,186.83,16.73
2025-06-04 18:00:42,408.19,21.89,84.21,42.17
2025-06-04 18:00:47,89.51,19.66,106.46,24.88
2025-06-04 18:00:52,580.94,6.76,147.76,16.66
2025-06-04 18:00:57,206.97,25.27,183.49,31.13
2025-06-04 18:01:02,469.86,14.88,159.71,36.1
2025-06-04 18:01:07,320.18,13.41,247.99,32.39
2025-06-04 18:01:12,445.82,3.95,159.9,10.14
2025-06-04 18:01:17,442.01,15.69,146.64,21.77
2025-06-04 18:01:22,87.91,19.72,75.0,51.43
2025-06-04 18:01:27,132.54,28.3,57.26,9.48
2025-06-04 18:01:32,113.4,25.16,159.38,41.65
2025-06-04 18:01:37,285.79,28.5,158.67,14.62
2025-06-04 18:01:42,296.42,8.1,160.89,44.07
2025-06-04 18:01:47,298.82,25.83,137.57,53.79
2025-06-04 18:01:52,191.37,14.99,127.09,47.35
2025-06-04 18:01:57,534.68,4.64,75.63,25.5
2025-06-04 18:02:02,462.13,21.15,89.39,37.93
2025-06-04 18:02:07,543.18,27.44,169.15,30.81
2025-06-04 18:02:12,390.15,20.82,121.69,19.1
2025-06-04 18:02:17,482.14,23.94,235.25,47.11
2025-06-04 18:02:22,457.31,23.21,147.48,20.3
2025-06-04 18:02:27,460.07,4.63,244.88,47.51
2025-06-04 18:02:32,489.9,28.01,102.91,32.91
2025-06-04 18:02:37,264.7,27.19,233.07,30.74
2025-06-04 18:02:42,359.36,16.58,226.86,21.88
2025-06-04 18:02:47,360.2,15.59,188.21,48.56
2025-06-04 18:02:52,484.05,6.62,179.72,11.14
2025-06-04 18:02:57,232.21,14.82,118.3,30.71
2025-06-04 18:03:02,463.03,5.05,123.41,35.02
2025-06-04 18:03:07,397.96,9.41,74.66,14.33
2025-06-04 18:03:12,199.15,4.71,246.59,18.17
2025-06-04 18:03:17,400.9,18.27,193.53,40.85
2025-06-04 18:03:22,556.44,21.25,233.16,43.06
2025-06-04 18:03:28,328.23,12.15,50.27,12.2
2025-06-04 18:03:33,392.72,9.39,69.74,55.33
2025-06-04 18:03:38,259.79,5.5,148.13,43.16
2025-06-04 18:03:43,198.48,20.35,245.83,53.06
2025-06-04 18:03:48,582.34,13.52,184.28,14.61
2025-06-04 18:03:53,563.73,24.19,226.44,38.05
2025-06-04 18:03:58,244.37,22.73,232.17,20.55
2025-06-04 18:04:03,156.75,7.09,187.97,49.89
2025-06-04 18:04:08,541.02,11.11,222.45,25.89
2025-06-04 18:04:13,475.21,8.84,197.22,24.88
2025-06-04 18:04:18,300.19,24.66,233.71,28.66
2025-06-04 18:04:23,573.04,23.06,213.8,44.49
2025-06-04 18:04:28,554.48,7.02,243.74,48.72
2025-06-04 18:04:33,171.98,28.38,210.93,26.83
2025-06-04 18:04:38,240.22,15.87,68.88,23.04
2025-06-04 18:04:43,227.19,28.28,131.29,7.7
2025-06-04 18:04:48,559.34,7.02,162.69,12.34
2025-06-04 18:04:53,544.5,29.41,217.31,27.48
2025-06-04 18:04:58,129.19,6.21,105.58,39.72
2025-06-04 18:05:03,224.44,29.94,55.58,36.16
2025-06-04 18:05:08,535.19,18.74,61.1,16.35
2025-06-04 18:05:13,568.67,11.98,118.29,36.23
2025-06-04 18:05:18,358.14,25.77,167.36,16.47
2025-06-04 18:05:23,150.22,4.05,149.31,7.38
2025-06-04 18:05:28,587.05,15.52,202.02,17.63
2025-06-04 18:05:33,220.67,18.7,62.72,6.72
2025-06-04 18:05:38,303.57,22.45,167.93,31.02
2025-06-04 18:05:43,84.79,22.28,51.53,39.08
2025-06-04 18:05:48,490.08,9.21,221.53,50.13
2025-06-04 18:05:53,369.9,27.16,173.3,18.86
2025-06-04 18:05:58,588.69,10.09,228.46,23.89
2025-06-04 18:06:03,136.91,23.39,72.59,53.87
2025-06-04 18:06:08,374.23,21.95,202.3,30.23
2025-06-04 18:06:13,127.09,17.45,67.93,38.99
2025-06-04 18:06:18,580.52,15.37,61.3,57.57
2025-06-04 18:06:23,524.98,15.04,86.1,45.13
2025-06-04 18:06:28,297.89,6.93,206.96,21.5
2025-06-04 18:06:33,506.34,15.23,234.74,33.13
2025-06-04 18:06:38,599.85,21.69,219.89,32.93
2025-06-04 18:06:43,579.74,27.78,151.89,29.6
2025-06-04 18:06:48,400.18,24.81,103.37,31.19
2025-06-04 18:06:53,200.68,28.46,92.72,48.75
2025-06-04 18:06:58,341.01,19.98,113.06,55.67
2025-06-04 18:07:03,115.36,29.73,174.86,46.7
2025-06-04 18:07:08,192.61,6.78,198.24,25.78
2025-06-04 18:07:13,276.41,5.74,145.38,18.31
2025-06-04 18:07:18,395.03,21.7,211.97,56.82
2025-06-04 18:07:23,489.63,5.8,120.67,21.49
2025-06-04 18:07:28,178.34,15.98,122.98,43.7
2025-06-04 18:07:33,501.88,7.7,89.56,24.72
2025-06-04 18:07:38,327.46,23.31,231.67,36.4
2025-06-04 18:07:43,496.33,3.26,82.38,28.2
2025-06-04 18:07:48,136.3,18.95,206.7,51.72
2025-06-04 18:07:53,212.68,25.62,41.68,34.69
2025-06-04 18:07:58,253.72,6.38,121.2,54.0
2025-06-04 18:08:03,531.07,11.1,86.17,5.99
2025-06-04 18:08:08,417.51,18.26,236.18,25.81
2025-06-04 18:08:13,514.25,7.47,137.63,50.98
2025-06-04 18:08:18,399.99,26.49,47.18,23.92
2025-06-04 18:08:23,519.13,7.08,48.15,37.66
2025-06-04 18:08:28,111.87,21.24,195.67,15.39
2025-06-04 18:08:33,544.94,18.44,52.5,9.0
2025-06-04 18:08:38,102.32,3.19,237.47,9.77
2025-06-04 18:08:43,585.44,11.53,90.42,47.65
2025-06-04 18:08:48,460.23,29.79,163.34,14.88
2025-06-04 18:08:53,182.12,18.32,233.04,26.35
2025-06-04 18:08:58,255.09,21.8,78.88,29.81
2025-06-04 18:09:03,461.96,19.42,213.0,36.52
2025-06-04 18:09:09,318.15,26.28,110.98,34.36
2025-06-04 18:09:14,584.58,10.3,226.87,20.61
2025-06-04 18:09:19,134.01,29.77,76.77,33.69
2025-06-04 18:09:24,465.92,23.3,228.16,59.37
2025-06-04 18:09:29,119.33,11.7,63.6,21.34
2025-06-04 18:09:34,501.43,21.86,115.47,41.3
2025-06-04 18:09:39,84.64,18.6,239.69,40.77
2025-06-04 18:09:44,500.77,10.75,222.77,10.44
2025-06-04 18:09:49,222.46,27.17,244.58,38.45
2025-06-04 18:09:54,527.97,21.2,106.76,17.24
2025-06-04 18:09:59,518.57,10.14,219.84,39.14
2025-06-04 18:10:04,365.88,13.05,116.71,26.69
2025-06-04 18:10:09,189.2,22.91,190.91,34.92
2025-06-04 18:10:14,191.15,16.84,83.49,44.86
2025-06-04 18:10:19,220.46,10.65,176.89,27.25
2025-06-04 18:10:24,205.67,14.35,78.56,47.67
2025-06-04 18:10:29,437.42,25.42,106.87,51.09
2025-06-04 18:10:34,335.77,12.6,245.47,33.71
2025-06-04 18:10:39,561.05,24.6,123.33,27.9
2025-06-04 18:10:44,280.59,29.57,123.88,19.8
2025-06-04 18:10:49,426.19,12.77,92.71,33.83
2025-06-04 18:10:54,453.08,5.12,84.22,50.61
2025-06-04 18:10:59,525.48,20.37,185.68,15.38
2025-06-04 18:11:04,334.8,11.16,135.37,13.9
2025-06-04 18:11:09,255.73,14.78,190.43,54.7
2025-06-04 18:11:14,453.62,25.12,80.64,28.78
2025-06-04 18:11:19,448.49,9.75,89.36,55.09
2025-06-04 18:11:24,385.06,29.04,190.74,27.44
2025-06-04 18:11:29,597.97,17.34,139.8,9.43
2025-06-04 18:11:34,149.05,20.77,101.16,48.64
2025-06-04 18:11:39,258.17,4.81,113.6,25.45
2025-06-04 18:11:44,458.03,22.47,148.12,14.45
2025-06-04 18:11:49,586.86,25.33,161.55,51.32
2025-06-04 18:11:54,534.78,26.94,88.42,24.05
2025-06-04 18:11:59,190.26,8.0,227.26,30.02
2025-06-04 18:12:04,483.26,19.08,112.99,26.4
2025-06-04 18:12:09,381.44,29.08,113.55,16.94
2025-06-04 18:12:14,337.19,19.82,132.66,55.38
2025-06-04 18:12:19,199.83,6.69,207.6,43.99
2025-06-04 18:12:24,419.26,21.5,237.05,54.34
2025-06-04 18:12:29,398.33,20.77,135.39,8.36
2025-06-04 18:12:34,178.37,24.9,53.03,18.15
2025-06-04 18:12:39,144.33,25.57,234.19,25.1
2025-06-04 18:12:44,136.02,26.81,99.94,47.68
2025-06-04 18:12:49,228.56,25.92,138.6,30.03
2025-06-04 18:12:54,263.69,28.9,204.25,56.08
2025-06-04 18:12:59,541.57,19.78,140.08,35.14
2025-06-04 18:13:04,312.28,6.13,137.89,45.27
2025-06-04 18:13:09,237.41,9.07,109.7,52.22
2025-06-04 18:13:14,84.84,28.03,214.41,13.8
2025-06-04 18:13:19,84.02,9.7,118.0,9.15
2025-06-04 18:13:24,142.47,26.72,153.18,56.93
2025-06-04 18:13:29,520.81,6.24,163.13,49.7
2025-06-04 18:13:34,176.06,20.4,127.93,6.1
2025-06-04 18:13:39,530.33,22.9,128.04,38.22
2025-06-04 18:13:44,330.99,24.75,239.79,57.52
2025-06-04 18:13:49,252.05,19.84,46.35,5.6
2025-06-04 18:13:54,174.51,8.59,140.03,41.9
2025-06-04 18:13:59,570.0,12.51,132.81,42.06
2025-06-04 18:14:04,509.35,23.32,119.51,56.74
2025-06-04 18:14:09,593.23,13.02,143.51,31.15
2025-06-04 18:14:14,394.58,22.82,89.99,30.46
2025-06-04 18:14:19,430.93,3.29,83.61,50.13
2025-06-04 18:14:24,491.97,7.49,224.0,14.2
2025-06-04 18:14:30,114.22,9.17,95.92,57.1
2025-06-04 18:14:35,192.25,17.02,77.76,43.3
2025-06-04 18:14:40,348.96,10.58,152.3,48.16
2025-06-04 18:14:45,435.82,6.08,237.5,27.23
2025-06-04 18:14:50,93.37,5.72,117.6,54.05
2025-06-04 18:14:55,218.73,16.66,231.33,20.96
2025-06-04 18:15:00,263.14,10.08,123.12,32.26
2025-06-04 18:15:05,320.54,11.91,167.15,17.1
2025-06-04 18:15:10,361.55,23.35,44.24,54.37
2025-06-04 18:15:15,419.62,15.27,90.21,28.61
2025-06-04 18:15:20,282.19,4.88,226.22,40.53
2025-06-04 18:15:25,130.24,17.93,57.27,34.01
2025-06-04 18:15:30,91.69,29.31,125.74,36.49
2025-06-04 18:15:35,387.56,23.64,134.28,21.91
2025-06-04 18:15:40,527.88,21.58,136.86,41.63
2025-06-04 18:15:45,450.75,26.18,69.72,6.62
2025-06-04 18:15:50,421.81,4.29,95.84,42.67
2025-06-04 18:15:55,562.71,26.23,73.05,29.68
2025-06-04 18:16:00,315.24,11.59,86.99,37.85
2025-06-04 18:16:05,125.22,14.61,120.89,23.56
2025-06-04 18:16:10,477.45,18.81,152.08,18.76
2025-06-04 18:16:15,380.54,20.5,124.3,59.26
2025-06-04 18:16:20,383.53,6.71,85.5,9.31
2025-06-04 18:16:25,432.48,24.57,78.3,51.89
2025-06-04 18:16:30,210.99,18.29,236.48,53.85
2025-06-04 18:16:35,452.72,14.21,158.12,49.32
2025-06-04 18:16:40,152.0,27.39,41.86,20.95
2025-06-04 18:16:45,149.01,22.49,132.57,36.62
2025-06-04 18:16:50,476.45,19.88,113.98,47.7
2025-06-04 18:16:55,563.59,20.47,42.88,57.24
2025-06-04 18:17:00,96.59,19.59,80.5,57.14
2025-06-04 18:17:05,338.26,7.12,111.77,27.94
2025-06-04 18:17:10,226.41,20.66,97.28,25.54
2025-06-04 18:17:15,245.67,15.37,91.38,21.14
2025-06-04 18:17:20,396.71,21.52,197.22,51.04
2025-06-04 18:17:25,405.04,16.66,199.6,34.92
2025-06-04 18:17:30,181.17,6.54,132.52,10.66
2025-06-04 18:17:35,489.08,17.32,71.33,57.33
2025-06-04 18:17:40,439.26,15.46,241.78,23.77
2025-06-04 18:17:45,568.16,27.62,63.09,33.45
2025-06-04 18:17:50,395.25,21.0,80.87,59.58
2025-06-04 18:17:55,507.69,12.76,220.24,55.83
2025-06-04 18:18:00,273.97,26.8,91.92,47.28
2025-06-04 18:18:05,356.56,13.66,56.68,55.83
2025-06-04 18:18:10,554.86,29.86,71.9,16.04
2025-06-04 18:18:15,482.58,20.04,237.99,24.59
2025-06-04 18:18:20,238.0,17.91,164.7,30.92
2025-06-04 18:18:25,371.75,10.21,226.66,22.99
2025-06-04 18:18:30,176.03,5.44,41.55,59.47
2025-06-04 18:18:35,596.41,19.1,48.47,18.92
2025-06-04 18:18:40,485.21,19.62,201.35,11.42
2025-06-04 18:18:45,435.36,29.76,141.65,27.05
2025-06-04 18:18:50,319.39,24.52,213.06,17.71
2025-06-04 18:18:55,519.02,19.17,135.71,52.22
2025-06-04 18:19:00,250.78,20.94,200.13,46.67
2025-06-04 18:19:05,508.95,11.27,198.42,59.24
2025-06-04 18:19:10,458.73,24.01,128.66,57.98
2025-06-04 18:19:15,201.16,6.71,158.57,37.33
2025-06-04 18:19:20,354.03,29.48,50.39,43.15
2025-06-04 18:19:25,251.09,3.77,148.4,9.98
2025-06-04 18:19:30,412.56,15.88,49.88,47.34
2025-06-04 18:19:35,263.11,25.98,66.55,8.56
2025-06-04 18:19:40,591.41,14.22,142.26,25.32
2025-06-04 18:19:45,150.11,5.49,44.43,25.65
2025-06-04 18:19:50,496.21,19.42,236.9,8.36
2025-06-04 18:19:55,178.77,11.25,154.9,29.17
2025-06-04 18:20:00,246.35,17.26,183.44,22.43
2025-06-04 18:20:05,262.47,14.59,81.42,49.26
2025-06-04 18:20:10,80.85,24.14,230.45,57.93
2025-06-04 18:20:15,169.21,28.14,90.51,46.92
2025-06-04 18:20:20,84.97,25.3,163.63,42.69
2025-06-04 18:20:25,146.19,4.09,200.83,23.07
2025-06-04 18:20:30,168.94,7.47,77.47,46.27
2025-06-04 18:20:35,324.23,8.67,43.43,52.5
2025-06-04 18:20:41,219.57,24.6,159.47,18.53
2025-06-04 18:20:46,375.67,16.18,109.54,25.08
2025-06-04 18:20:51,398.31,16.32,175.66,10.29
2025-06-04 18:20:56,383.56,6.13,76.89,32.57
2025-06-04 18:21:01,225.13,19.47,63.35,12.71
2025-06-04 18:21:06,270.32,27.93,66.9,33.52
2025-06-04 18:21:11,148.76,28.35,180.47,10.29
2025-06-04 18:21:16,93.7,4.67,249.84,25.2
2025-06-04 18:21:21,219.62,25.1,165.76,49.5
2025-06-04 18:21:26,334.36,17.0,150.83,5.59
2025-06-04 18:21:31,531.16,3.41,249.75,40.76
2025-06-04 18:21:36,298.12,22.53,173.9,31.58
2025-06-04 18:21:41,486.07,15.59,78.23,13.91
2025-06-04 18:21:46,484.48,23.16,143.61,5.95
2025-06-04 18:21:51,552.66,19.23,101.6,8.33
2025-06-04 18:21:56,186.6,11.3,155.05,47.07
2025-06-04 18:22:01,344.43,28.61,171.29,9.3
2025-06-04 18:22:06,170.06,15.71,68.45,23.01
2025-06-04 18:22:11,317.95,21.89,222.95,28.85
2025-06-04 18:22:16,417.67,19.9,97.24,45.19
2025-06-04 18:22:21,417.36,15.38,215.02,49.75
2025-06-04 18:22:26,468.0,15.39,111.82,43.42
2025-06-04 18:22:31,311.83,4.49,184.25,30.41
2025-06-04 18:22:36,521.51,15.03,216.93,36.58
2025-06-04 18:22:41,589.92,10.05,206.55,41.67
2025-06-04 18:22:46,239.28,20.0,100.4,51.5
2025-06-04 18:22:51,168.72,24.69,61.62,59.55
2025-06-04 18:22:56,129.54,19.51,138.78,37.9
2025-06-04 18:23:01,116.96,28.03,199.74,34.1
2025-06-04 18:23:06,447.24,7.47,123.59,47.19
2025-06-04 18:23:11,465.02,29.2,126.39,12.56
2025-06-04 18:23:16,443.86,8.0,92.46,50.31
2025-06-04 18:23:21,130.86,19.36,88.12,29.64
2025-06-04 18:23:26,121.52,12.3,186.11,46.72
2025-06-04 18:23:31,90.01,21.09,224.33,15.62
2025-06-04 18:23:36,127.29,28.17,222.66,17.4
2025-06-04 18:23:41,201.79,9.2,247.01,46.16
2025-06-04 18:23:46,427.39,29.43,121.72,7.59
2025-06-04 18:23:51,411.31,24.74,232.46,52.7
2025-06-04 18:23:56,98.27,14.38,72.17,25.1
2025-06-04 18:24:01,373.05,24.15,88.58,25.64
2025-06-04 18:24:06,259.56,8.79,69.49,41.34
2025-06-04 18:24:11,278.98,10.76,86.88,32.39
2025-06-04 18:24:16,544.72,7.94,233.79,40.94
2025-06-04 18:24:21,428.74,16.18,170.82,20.61
2025-06-04 18:24:26,500.22,27.83,49.15,44.02
2025-06-04 18:24:31,172.53,8.46,130.29,28.92
2025-06-04 18:24:36,186.07,25.08,155.79,34.5
2025-06-04 18:24:41,426.46,29.39,55.03,11.82
2025-06-04 18:24:46,439.2,15.83,188.16,27.02
2025-06-04 18:24:51,365.48,19.91,65.74,58.62
2025-06-04 18:24:56,386.35,6.17,154.98,53.61
2025-06-04 18:25:01,296.54,21.0,87.79,48.09
2025-06-04 18:25:06,296.75,6.58,171.33,7.5
2025-06-04 18:25:11,383.04,29.03,111.4,42.0
2025-06-04 18:25:16,202.36,16.07,83.07,8.01
2025-06-04 18:25:21,189.88,8.45,238.89,11.41
2025-06-04 18:25:26,493.94,12.55,163.93,27.03
2025-06-04 18:25:31,199.66,5.9,206.31,49.92
2025-06-04 18:25:36,262.16,22.32,66.86,48.38
2025-06-04 18:25:41,182.73,28.02,205.4,33.97
2025-06-04 18:25:46,580.28,6.84,71.83,14.79
2025-06-04 18:25:51,257.75,20.91,82.31,41.26
2025-06-04 18:25:56,200.28,8.56,59.09,27.0
2025-06-04 18:26:01,167.26,17.39,83.95,29.9
2025-06-04 18:26:06,463.11,22.72,169.08,10.09
2025-06-04 18:26:11,105.2,9.3,238.59,9.36
2025-06-04 18:26:16,346.31,13.58,245.27,22.87
2025-06-04 18:26:21,185.72,21.55,115.63,19.86
2025-06-04 18:26:26,181.16,26.79,171.31,41.41
2025-06-04 18:26:31,100.49,10.47,48.38,26.5
2025-06-04 18:26:36,403.72,24.87,47.2,33.78
2025-06-04 18:26:41,466.97,9.13,143.83,31.89
2025-06-04 18:26:46,352.78,26.76,97.59,16.63
2025-06-04 18:26:51,401.49,13.7,191.07,28.1
2025-06-04 18:26:56,450.92,21.25,166.6,28.04
2025-06-04 18:27:01,233.93,24.82,229.52,28.93
2025-06-04 18:27:06,415.44,16.25,117.16,59.48
2025-06-04 18:27:11,574.9,14.45,215.45,15.15
2025-06-04 18:27:17,545.68,3.27,224.74,15.43
2025-06-04 18:27:22,524.64,23.11,142.6,49.63
2025-06-04 18:27:27,218.4,28.91,192.79,37.27
2025-06-04 18:27:32,293.0,21.43,121.42,14.55
2025-06-04 18:27:37,113.38,26.15,84.53,34.76
2025-06-04 18:27:42,500.21,24.62,243.76,26.47
2025-06-04 18:27:47,593.48,19.06,89.49,12.77
2025-06-04 18:27:52,296.11,4.29,125.32,44.7
2025-06-04 18:27:57,425.63,10.72,157.06,41.51
2025-06-04 18:28:02,437.89,23.07,94.82,30.01
2025-06-04 18:28:07,261.81,13.2,143.7,49.73
2025-06-04 18:28:12,107.1,24.9,209.66,55.33
2025-06-04 18:28:17,210.53,28.45,98.21,52.73
2025-06-04 18:28:22,146.53,18.06,107.01,24.25
2025-06-04 18:28:27,461.64,29.22,121.85,53.89
2025-06-04 18:28:32,509.24,27.16,145.56,36.55
2025-06-04 18:28:37,467.27,10.56,223.37,42.34
2025-06-04 18:28:42,154.2,3.0,44.43,20.66
2025-06-04 18:28:47,217.79,17.13,242.9,6.22
2025-06-04 18:28:52,460.78,14.42,91.43,24.62
2025-06-04 18:28:57,483.84,29.67,219.38,17.25
2025-06-04 18:29:02,235.3,20.32,86.11,6.77
2025-06-04 18:29:07,460.19,16.4,53.9,41.03
2025-06-04 18:29:12,382.49,3.53,162.72,35.03
2025-06-04 18:29:17,401.85,29.09,190.73,42.58
2025-06-04 18:29:22,529.69,29.42,114.49,26.91
2025-06-04 18:29:27,90.5,20.6,238.4,55.73
2025-06-04 18:29:32,148.16,7.78,211.24,57.08
2025-06-04 18:29:37,498.15,18.71,117.4,49.57
2025-06-04 18:29:42,545.59,27.53,97.06,58.89
2025-06-04 18:29:47,538.35,3.12,196.28,9.95
2025-06-04 18:29:52,370.18,14.71,224.32,49.62
2025-06-04 18:29:57,210.16,5.22,80.87,5.73
2025-06-04 18:30:02,478.24,22.51,124.53,18.61
2025-06-04 18:30:07,125.89,10.26,140.3,59.82
2025-06-04 18:30:12,433.35,13.67,120.0,5.34
2025-06-04 18:30:17,218.22,11.53,56.97,30.62
2025-06-04 18:30:22,119.57,18.59,168.62,19.48
2025-06-04 18:30:27,87.08,17.54,244.71,35.62
2025-06-04 18:30:32,133.38,7.68,165.57,29.0
2025-06-04 18:30:37,331.13,5.44,142.72,46.7
2025-06-04 18:30:42,273.99,9.24,236.24,48.73
2025-06-04 18:30:47,154.61,16.08,46.3,33.58
2025-06-04 18:30:52,272.58,13.37,102.16,29.25
2025-06-04 18:30:57,269.17,3.13,77.56,54.74
2025-06-04 18:31:02,160.67,16.47,179.37,41.95
2025-06-04 18:31:07,538.59,21.65,98.62,34.87
2025-06-04 18:31:12,598.49,25.55,109.19,28.79
2025-06-04 18:31:17,398.57,21.88,199.94,27.0
2025-06-04 18:31:22,165.84,22.3,125.15,41.58
2025-06-04 18:31:27,567.14,16.6,139.58,56.6
2025-06-04 18:31:32,417.38,3.85,226.9,36.69
2025-06-04 18:31:37,133.82,9.51,72.26,28.31
2025-06-04 18:31:42,428.33,25.95,210.38,46.01
2025-06-04 18:31:47,299.29,25.92,195.51,30.45
2025-06-04 18:31:52,302.05,23.27,94.61,31.25
2025-06-04 18:31:57,596.2,3.5,121.87,41.6
2025-06-04 18:32:02,208.69,16.78,232.98,17.81
2025-06-04 18:32:07,455.56,3.37,91.04,50.08
2025-06-04 18:32:12,278.33,12.47,202.67,20.22
2025-06-04 18:32:17,434.62,6.52,47.05,15.69
2025-06-04 18:32:22,578.78,21.14,218.3,22.05
2025-06-04 18:32:27,174.57,12.38,187.77,51.09
2025-06-04 18:32:32,397.7,10.95,80.82,39.75
2025-06-04 18:32:37,387.01,4.0,226.78,12.66
2025-06-04 18:32:42,588.61,3.01,70.16,29.77
2025-06-04 18:32:47,574.3,17.53,147.74,32.05
2025-06-04 18:32:52,212.45,24.52,149.49,39.58
2025-06-04 18:32:57,451.9,6.02,201.12,41.11
2025-06-04 18:33:02,542.48,11.02,166.67,13.72
2025-06-04 18:33:07,253.81,20.18,199.06,8.81
2025-06-04 18:33:13,426.48,17.85,145.95,30.18
2025-06-04 18:33:18,473.25,16.37,146.52,12.35
2025-06-04 18:33:23,269.48,17.31,94.74,39.91
2025-06-04 18:33:28,121.76,29.32,57.11,44.38
2025-06-04 18:33:33,138.31,24.52,203.36,25.99
2025-06-04 18:33:38,260.23,19.54,232.94,15.06
2025-06-04 18:33:43,216.46,13.7,61.28,52.42
2025-06-04 18:33:48,599.94,25.51,132.41,38.9
2025-06-04 18:33:53,173.61,17.0,131.62,46.74
2025-06-04 18:33:58,185.01,26.62,100.23,52.45
2025-06-04 18:34:03,546.11,10.29,215.57,57.31
2025-06-04 18:34:08,94.93,25.62,244.37,15.87
2025-06-04 18:34:13,344.28,16.12,152.84,16.69
2025-06-04 18:34:18,420.75,25.44,63.17,23.53
2025-06-04 18:34:23,593.18,28.55,132.61,14.17
2025-06-04 18:34:28,174.76,22.6,214.5,24.89
2025-06-04 18:34:33,84.66,24.54,149.5,48.73
2025-06-04 18:34:38,278.92,6.01,126.96,23.74
2025-06-04 18:34:43,250.33,24.81,74.58,44.37
2025-06-04 18:34:48,287.29,29.7,104.27,40.91
2025-06-04 18:34:53,308.7,28.54,81.2,49.92
2025-06-04 18:34:58,575.01,18.05,133.16,45.63
2025-06-04 18:35:03,166.46,22.46,223.16,11.6
2025-06-04 18:35:08,200.88,20.68,219.2,42.72
2025-06-04 18:35:13,367.31,29.32,183.95,32.17
2025-06-04 18:35:18,513.68,3.11,71.65,51.64
2025-06-04 18:35:23,588.15,26.3,240.05,10.31
2025-06-04 18:35:28,291.01,3.85,212.93,8.0
2025-06-04 18:35:33,318.59,29.15,157.01,59.31
2025-06-04 18:35:38,325.15,17.67,185.26,19.81
2025-06-04 18:35:43,570.53,6.94,41.65,41.24
2025-06-04 18:35:48,526.0,13.7,195.41,28.72
2025-06-04 18:35:53,211.04,10.45,117.19,17.41
2025-06-04 18:35:58,161.06,13.54,59.19,32.04
2025-06-04 18:36:03,164.2,26.09,242.73,51.28
2025-06-04 18:36:08,205.33,14.79,192.31,39.79
2025-06-04 18:36:13,499.93,28.23,90.54,33.36
2025-06-04 18:36:18,583.54,19.53,192.16,39.17
2025-06-04 18:36:23,199.18,13.08,56.14,51.53
2025-06-04 18:36:28,569.55,21.59,87.87,27.0
2025-06-04 18:36:33,321.76,5.64,97.55,8.66
2025-06-04 18:36:38,303.17,14.93,80.5,39.0
2025-06-04 18:36:43,407.66,24.21,203.53,8.46
2025-06-04 18:36:48,140.64,20.0,161.08,11.7
2025-06-04 18:36:53,232.79,5.53,130.16,53.99
2025-06-04 18:36:58,348.76,5.45,132.65,56.29
2025-06-04 18:37:03,488.48,4.74,170.75,54.26
2025-06-04 18:37:08,213.94,5.8,100.54,23.51
2025-06-04 18:37:13,181.98,24.69,247.76,54.5
2025-06-04 18:37:18,463.17,13.22,201.41,27.43
2025-06-04 18:37:23,250.27,29.53,95.68,21.42
2025-06-04 18:37:28,173.57,28.37,227.71,10.02
2025-06-04 18:37:33,530.57,21.58,209.45,39.91
2025-06-04 18:37:38,440.55,7.91,48.46,6.98
2025-06-04 18:37:43,357.54,4.78,48.99,40.07
2025-06-04 18:37:48,124.69,9.56,118.18,45.53
2025-06-04 18:37:53,301.93,4.93,143.83,44.57
2025-06-04 18:37:58,398.74,14.67,61.76,9.25
2025-06-04 18:38:03,407.98,14.23,162.61,51.66
2025-06-04 18:38:08,369.13,12.32,96.69,50.18
2025-06-04 18:38:13,350.37,6.51,102.37,57.15
2025-06-04 18:38:18,421.57,7.88,112.65,49.29
2025-06-04 18:38:23,271.82,8.23,231.85,6.68
2025-06-04 18:38:28,314.33,28.38,40.38,50.76
2025-06-04 18:38:34,277.38,20.73,200.06,23.76
2025-06-04 18:38:39,495.99,24.13,225.62,47.84
2025-06-04 18:38:44,579.85,8.22,216.2,43.23
2025-06-04 18:38:49,152.67,26.47,49.42,52.6
2025-06-04 18:38:54,239.65,12.83,227.98,27.16
2025-06-04 18:38:59,269.43,15.79,65.99,36.87
2025-06-04 18:39:04,211.98,8.23,60.56,36.88
2025-06-04 18:39:09,547.69,28.7,162.77,11.18
2025-06-04 18:39:14,99.12,10.89,232.22,7.71
2025-06-04 18:39:19,208.0,29.84,145.26,18.85
2025-06-04 18:39:24,427.19,10.78,45.5,52.59
2025-06-04 18:39:29,395.67,6.39,127.18,25.44
2025-06-04 18:39:34,219.28,29.67,173.3,14.4
2025-06-04 18:39:39,145.64,23.01,104.75,59.24
2025-06-04 18:39:44,238.71,17.19,81.27,25.9
2025-06-04 18:39:49,141.52,10.93,209.33,57.42
2025-06-04 18:39:54,466.77,8.4,185.06,55.03
2025-06-04 18:39:59,377.62,11.93,57.28,26.25
2025-06-04 18:40:04,456.72,4.85,133.69,38.96
2025-06-04 18:40:09,367.5,17.62,125.97,19.47
2025-06-04 18:40:14,117.27,22.43,59.48,34.51
2025-06-04 18:40:19,488.08,3.89,57.47,18.09
2025-06-04 18:40:24,194.44,19.97,131.74,15.71
2025-06-04 18:40:29,263.57,16.06,238.18,55.9
2025-06-04 18:40:34,367.64,20.4,105.52,11.82
2025-06-04 18:40:39,499.98,19.46,64.55,53.64
2025-06-04 18:40:44,275.82,19.33,208.4,46.12
2025-06-04 18:40:49,421.24,3.29,174.61,50.75
2025-06-04 18:40:54,135.71,6.37,63.95,16.72
2025-06-04 18:40:59,192.06,11.77,100.61,41.87
2025-06-04 18:41:04,193.38,27.69,222.64,46.12
2025-06-04 18:41:09,555.91,3.54,177.35,35.18
2025-06-04 18:41:14,184.82,29.96,120.16,13.08
2025-06-04 18:41:19,347.41,9.09,92.17,21.63
2025-06-04 18:41:24,170.44,21.78,113.81,10.21
2025-06-04 18:41:29,560.88,5.99,97.65,55.42
2025-06-04 18:41:34,241.08,10.65,188.31,33.83
2025-06-04 18:41:39,125.43,20.43,186.32,42.97
2025-06-04 18:41:44,123.16,16.15,207.02,21.49
2025-06-04 18:41:49,231.18,27.48,109.65,21.24
2025-06-04 18:41:54,572.11,7.63,217.27,40.69
2025-06-04 18:41:59,196.47,3.04,157.72,5.39
2025-06-04 18:42:04,355.04,21.93,136.85,55.97
2025-06-04 18:42:09,457.18,22.51,129.27,37.64
2025-06-04 18:42:14,179.37,5.88,82.76,59.51
2025-06-04 18:42:19,82.49,9.41,176.87,48.18
2025-06-04 18:42:24,211.57,21.34,210.88,30.37
2025-06-04 18:42:29,430.19,28.68,209.69,15.74
2025-06-04 18:42:34,121.88,13.49,116.05,56.64
2025-06-04 18:42:39,541.19,23.25,180.06,13.8
2025-06-04 18:42:44,547.82,13.04,208.1,7.71
2025-06-04 18:42:49,502.38,15.14,175.69,29.85
2025-06-04 18:42:54,159.47,21.96,150.24,50.03
2025-06-04 18:42:59,293.8,12.85,151.31,30.11
2025-06-04 18:43:04,516.78,11.72,104.28,41.99
2025-06-04 18:43:09,587.92,13.48,190.95,26.34
2025-06-04 18:43:14,564.29,12.79,211.92,14.02
2025-06-04 18:43:19,383.79,24.19,219.8,43.63
2025-06-04 18:43:24,436.16,15.28,234.61,8.01
2025-06-04 18:43:29,411.85,16.98,148.22,27.03
2025-06-04 18:43:34,503.85,5.71,91.06,11.19
2025-06-04 18:43:40,598.65,19.19,142.42,49.47
2025-06-04 18:43:45,128.02,8.94,92.44,29.37
2025-06-04 18:43:50,337.14,16.16,168.03,35.03
2025-06-04 18:43:55,457.08,19.41,180.55,30.02
2025-06-04 18:44:00,251.0,19.07,94.01,45.47
2025-06-04 18:44:05,89.61,13.22,149.93,44.96
2025-06-04 18:44:10,555.0,16.17,94.87,54.92
2025-06-04 18:44:15,292.69,20.85,221.33,33.36
2025-06-04 18:44:20,362.16,15.09,81.44,22.54
2025-06-04 18:44:25,512.95,25.6,127.7,24.98
2025-06-04 18:44:30,222.26,3.43,236.61,37.48
2025-06-04 18:44:35,586.55,15.28,207.99,17.27
2025-06-04 18:44:40,143.62,22.64,208.32,42.91
2025-06-04 18:44:45,340.62,18.97,128.39,25.34
2025-06-04 18:44:50,519.96,13.17,135.57,31.61
2025-06-04 18:44:55,484.12,5.74,47.46,48.85
2025-06-04 18:45:00,543.67,14.1,230.33,48.53
2025-06-04 18:45:05,542.67,9.17,91.01,10.83
2025-06-04 18:45:10,390.47,19.32,74.67,40.18
2025-06-04 18:45:15,184.02,14.02,200.24,59.87
2025-06-04 18:45:20,457.21,26.07,201.59,29.23
2025-06-04 18:45:25,318.98,9.51,56.21,51.4
2025-06-04 18:45:30,97.58,4.92,222.75,42.6
2025-06-04 18:45:35,460.72,23.18,110.87,52.59
2025-06-04 18:45:40,505.65,14.53,117.48,21.52
2025-06-04 18:45:45,237.86,10.56,229.03,10.42
2025-06-04 18:45:50,433.07,26.5,60.28,36.8
2025-06-04 18:45:55,355.89,8.57,183.05,9.79
2025-06-04 18:46:00,314.71,27.49,130.04,40.21
2025-06-04 18:46:05,368.93,16.93,215.86,17.47
2025-06-04 18:46:10,162.65,20.46,78.29,30.13
2025-06-04 18:46:15,309.3,11.81,136.48,33.28
2025-06-04 18:46:20,218.73,29.06,207.31,51.33
2025-06-04 18:46:25,114.68,22.5,229.45,40.28
2025-06-04 18:46:30,351.96,25.71,69.42,12.49
2025-06-04 18:46:35,128.54,29.06,105.91,47.22
2025-06-04 18:46:40,332.1,25.94,160.61,23.33
2025-06-04 18:46:45,105.62,9.08,131.06,31.3
2025-06-04 18:46:50,306.57,27.65,145.94,12.13
2025-06-04 18:46:55,243.8,10.1,61.42,41.29
2025-06-04 18:47:00,556.36,20.77,57.95,24.25
2025-06-04 18:47:05,483.84,23.3,148.58,41.81
2025-06-04 18:47:10,113.18,18.97,69.37,35.84
2025-06-04 18:47:15,141.88,18.25,166.48,46.9
2025-06-04 18:47:20,440.99,22.99,155.81,28.48
2025-06-04 18:47:25,176.58,24.24,225.06,49.49
2025-06-04 18:47:30,348.98,15.55,201.12,37.64
2025-06-04 18:47:35,279.6,21.58,41.57,45.17
2025-06-04 18:47:40,227.72,14.2,105.69,47.16
2025-06-04 18:47:45,164.44,28.42,149.51,28.99
2025-06-04 18:47:50,460.97,29.42,248.26,17.4
2025-06-04 18:47:55,518.37,20.43,198.76,51.81
2025-06-04 18:48:00,494.55,28.49,95.95,31.73
2025-06-04 18:48:05,489.52,28.62,172.84,41.37
2025-06-04 18:48:10,416.41,23.91,188.71,16.27
2025-06-04 18:48:15,152.88,22.97,72.08,18.97
2025-06-04 18:48:20,136.59,19.45,98.84,6.88
2025-06-04 18:48:25,321.15,15.26,139.19,32.32
2025-06-04 18:48:30,470.56,12.42,229.81,10.24
2025-06-04 18:48:35,468.62,25.87,155.44,22.95
2025-06-04 18:48:40,281.67,29.06,226.28,24.02
2025-06-04 18:48:45,163.52,19.74,85.08,12.84
2025-06-04 18:48:50,430.47,7.8,51.41,11.36
2025-06-04 18:48:55,452.42,7.52,129.04,42.99
2025-06-04 18:49:00,483.55,5.55,84.33,44.85
2025-06-04 18:49:05,91.62,15.67,122.18,45.18
2025-06-04 18:49:10,475.27,21.58,62.29,32.91
2025-06-04 18:49:15,551.53,7.9,53.78,14.26
2025-06-04 18:49:20,109.62,8.9,112.05,32.02
2025-06-04 18:49:25,268.34,6.78,106.75,42.12
2025-06-04 18:49:30,340.87,29.85,68.75,6.3
2025-06-04 18:49:35,399.55,21.74,100.05,55.46
2025-06-04 18:49:40,559.07,13.12,89.91,40.17
2025-06-04 18:49:45,518.28,27.99,144.75,58.86
2025-06-04 18:49:50,509.2,15.82,244.51,24.22
2025-06-04 18:49:55,541.34,22.89,182.09,36.87
2025-06-04 18:50:00,291.23,15.66,43.39,32.51
2025-06-04 18:50:05,276.83,17.39,233.94,17.85
2025-06-04 18:50:11,419.45,26.33,80.48,25.0
2025-06-04 18:50:16,163.94,29.22,146.25,38.32
2025-06-04 18:50:21,592.23,16.43,103.86,35.18
2025-06-04 18:50:26,557.28,8.66,79.55,54.62
2025-06-04 18:50:31,328.07,20.93,72.45,20.36
2025-06-04 18:50:36,390.26,3.63,132.21,38.91
2025-06-04 18:50:41,248.49,12.39,179.34,13.01
2025-06-04 18:50:46,138.22,9.93,163.09,39.92
2025-06-04 18:50:51,519.11,15.5,189.33,33.38
2025-06-04 18:50:56,93.02,9.77,141.16,18.94
2025-06-04 18:51:01,488.86,16.56,120.67,50.51
2025-06-04 18:51:06,494.39,7.43,131.38,16.78
2025-06-04 18:51:11,189.16,22.35,187.75,22.89
2025-06-04 18:51:16,468.26,15.54,201.13,56.63
2025-06-04 18:51:21,140.46,17.64,222.92,6.48
2025-06-04 18:51:26,303.6,15.02,61.53,49.05
2025-06-04 18:51:31,151.62,18.5,72.49,36.08
2025-06-04 18:51:36,312.77,4.59,183.66,5.3
2025-06-04 18:51:41,230.16,23.67,161.29,14.85
2025-06-04 18:51:46,305.51,18.85,129.33,53.67
2025-06-04 18:51:51,305.06,22.89,55.2,44.61
2025-06-04 18:51:56,404.38,24.85,41.34,14.64
2025-06-04 18:52:01,309.02,23.39,45.17,29.89
2025-06-04 18:52:06,408.03,22.4,69.7,19.13
2025-06-04 18:52:11,203.57,4.37,130.81,29.9
2025-06-04 18:52:16,548.67,12.52,78.03,37.95
2025-06-04 18:52:21,384.11,13.28,130.29,18.62
2025-06-04 18:52:26,363.4,16.67,226.91,41.73
2025-06-04 18:52:31,569.78,8.14,202.41,54.57
2025-06-04 18:52:36,273.84,13.66,151.99,34.45
2025-06-04 18:52:41,441.55,17.3,228.97,11.11
2025-06-04 18:52:46,567.8,16.43,90.03,30.33
2025-06-04 18:52:51,338.54,17.4,165.18,42.78
2025-06-04 18:52:56,185.3,22.11,45.15,50.95
2025-06-04 18:53:01,251.27,17.63,84.89,56.75
2025-06-04 18:53:06,159.14,6.6,81.89,32.21
2025-06-04 18:53:11,386.45,21.71,40.5,33.88
2025-06-04 18:53:16,584.44,6.52,85.63,44.29
2025-06-04 18:53:21,330.34,12.5,149.5,40.31
2025-06-04 18:53:26,489.69,9.96,107.41,40.64
2025-06-04 18:53:31,203.84,3.0,42.9,40.74
2025-06-04 18:53:36,176.44,9.31,153.68,30.93
2025-06-04 18:53:41,445.12,4.27,132.72,52.25
2025-06-04 18:53:46,511.53,6.35,197.24,53.88
2025-06-04 18:53:51,326.09,11.39,113.44,20.59
2025-06-04 18:53:56,132.47,3.94,204.82,31.15
2025-06-04 18:54:01,109.33,25.14,61.44,44.4
2025-06-04 18:54:06,478.06,7.6,87.88,9.74
2025-06-04 18:54:11,173.07,14.23,234.22,43.96
2025-06-04 18:54:16,420.47,3.91,74.93,25.1
2025-06-04 18:54:21,159.77,5.58,124.93,22.99
2025-06-04 18:54:26,266.32,4.63,145.89,47.08
2025-06-04 18:54:31,248.51,24.7,85.6,20.56
2025-06-04 18:54:36,552.57,6.52,189.6,40.79
2025-06-04 18:54:41,570.42,23.83,245.05,37.35
2025-06-04 18:54:46,303.76,16.32,173.85,21.16
2025-06-04 18:54:51,570.08,11.72,65.08,44.11
2025-06-04 18:54:56,285.84,21.49,110.03,47.04
2025-06-04 18:55:01,308.37,10.61,108.63,38.6
2025-06-04 18:55:06,208.06,6.54,148.35,55.5
2025-06-04 18:55:11,219.63,7.26,191.16,30.8
2025-06-04 18:55:16,113.16,7.72,68.08,15.2
2025-06-04 18:55:21,81.44,11.06,204.0,35.04
2025-06-04 18:55:26,412.66,17.37,114.66,50.04
2025-06-04 18:55:31,108.64,28.7,160.75,12.45
2025-06-04 18:55:36,123.37,13.02,61.29,26.18
2025-06-04 18:55:41,145.02,11.83,223.93,21.02
2025-06-04 18:55:46,483.38,26.11,122.82,14.09
2025-06-04 18:55:51,595.47,3.53,81.56,48.57
2025-06-04 18:55:56,93.73,21.72,63.56,48.77
2025-06-04 18:56:01,263.67,10.92,118.71,55.58
2025-06-04 18:56:06,439.19,22.32,141.74,54.41
2025-06-04 18:56:11,554.18,25.17,177.32,21.95
2025-06-04 18:56:16,328.39,5.32,192.39,20.85
2025-06-04 18:56:21,235.03,14.37,236.29,10.66
2025-06-04 18:56:26,366.6,10.48,170.38,52.07
2025-06-04 18:56:31,104.03,29.6,198.7,27.86
2025-06-04 18:56:36,237.94,24.16,230.86,25.31
2025-06-04 18:56:41,146.68,23.53,203.66,27.64
2025-06-04 18:56:46,478.72,6.22,246.07,55.0
2025-06-04 18:56:52,432.13,20.54,78.65,21.9
2025-06-04 18:56:57,165.93,9.12,175.72,29.16
2025-06-04 18:57:02,514.06,15.85,118.61,13.79
2025-06-04 18:57:07,318.61,6.59,83.08,52.95
2025-06-04 18:57:12,468.11,7.54,122.09,45.7
2025-06-04 18:57:17,466.64,10.99,160.45,39.48
2025-06-04 18:57:22,250.71,20.11,230.82,9.59
2025-06-04 18:57:27,432.85,28.77,127.42,52.01
2025-06-04 18:57:32,318.48,20.9,178.91,30.58
2025-06-04 18:57:37,509.61,17.62,193.32,35.44
2025-06-04 18:57:42,580.28,16.3,221.44,19.98
2025-06-04 18:57:47,396.71,19.09,193.52,26.1
2025-06-04 18:57:52,200.65,21.57,105.95,22.17
2025-06-04 18:57:57,114.3,29.95,116.16,37.62
2025-06-04 18:58:02,329.14,5.81,88.91,15.05
2025-06-04 18:58:07,420.41,7.92,151.7,59.51
2025-06-04 18:58:12,358.01,4.08,240.15,36.04
2025-06-04 18:58:17,234.14,13.02,148.21,47.96
2025-06-04 18:58:22,181.53,6.79,73.69,27.75
2025-06-04 18:58:27,542.73,28.77,52.24,48.33
2025-06-04 18:58:32,137.07,28.19,44.79,31.77
2025-06-04 18:58:37,204.64,13.74,144.83,40.37
2025-06-04 18:58:42,279.37,28.56,207.5,12.05
2025-06-04 18:58:47,438.29,12.94,44.71,9.01
2025-06-04 18:58:52,274.86,23.29,244.17,39.81
2025-06-04 18:58:57,249.23,16.66,107.32,36.88
2025-06-04 18:59:02,454.25,12.96,176.02,30.76
2025-06-04 18:59:07,311.24,23.62,199.67,16.13
2025-06-04 18:59:12,399.46,28.62,97.76,19.25
2025-06-04 18:59:17,164.52,26.28,44.23,10.21
2025-06-04 18:59:22,328.95,29.31,239.09,43.86
2025-06-04 18:59:27,233.25,5.68,243.59,12.14
2025-06-04 18:59:32,101.22,6.89,165.54,29.12
2025-06-04 18:59:37,420.35,17.06,108.34,47.36
2025-06-04 18:59:42,344.96,24.1,188.25,42.4
2025-06-04 18:59:47,254.41,15.9,106.99,45.06
2025-06-04 18:59:52,85.86,4.98,208.25,13.0
2025-06-04 18:59:57,279.11,27.61,49.38,28.34
2025-06-04 19:00:02,412.64,21.86,115.63,23.01
2025-06-04 19:00:07,474.78,24.87,149.35,33.69
2025-06-04 19:00:12,163.97,21.57,220.15,47.5
2025-06-04 19:00:17,454.24,9.71,71.16,13.73
2025-06-04 19:00:22,398.77,6.04,227.9,48.13
2025-06-04 19:00:27,111.5,28.53,115.94,35.68
2025-06-04 19:00:32,320.47,27.47,184.57,55.35
2025-06-04 19:00:37,257.89,25.23,180.73,48.07
2025-06-04 19:00:42,513.22,29.55,198.96,8.44
