id,timestamp,measurement_type,value
1,2025-06-04 16:25:06,electricity,567.63
2,2025-06-04 16:25:11,water,24.17
4,2025-06-04 16:25:21,water,25.05
6,2025-06-04 16:25:31,electricity,82.12
6,2025-06-04 16:25:31,water,22.36
7,2025-06-04 16:25:36,electricity,95.7
7,2025-06-04 16:25:36,water,26.29
7,2025-06-04 16:25:36,heat,233.38
9,2025-06-04 16:25:46,heat,218.53
10,2025-06-04 16:25:51,heat,48.74
11,2025-06-04 16:25:56,heat,242.8
13,2025-06-04 16:26:06,electricity,507.33
15,2025-06-04 16:26:16,electricity,553.66
15,2025-06-04 16:26:16,water,4.51
15,2025-06-04 16:26:16,gas,56.53
16,2025-06-04 16:26:21,water,23.79
19,2025-06-04 16:26:37,gas,8.36
21,2025-06-04 16:26:47,water,28.54
21,2025-06-04 16:26:47,gas,59.1
23,2025-06-04 16:26:57,heat,232.83
24,2025-06-04 16:27:02,water,21.34
25,2025-06-04 16:27:07,water,23.34
26,2025-06-04 16:27:12,electricity,574.19
26,2025-06-04 16:27:12,heat,233.14
27,2025-06-04 16:27:17,water,3.02
27,2025-06-04 16:27:17,gas,52.14
29,2025-06-04 16:27:27,water,25.55
30,2025-06-04 16:27:32,heat,244.5
32,2025-06-04 16:27:42,water,4.17
32,2025-06-04 16:27:42,gas,52.42
33,2025-06-04 16:27:47,gas,6.99
34,2025-06-04 16:27:52,heat,227.2
34,2025-06-04 16:27:52,gas,7.11
35,2025-06-04 16:27:57,water,24.91
35,2025-06-04 16:27:57,gas,52.87
36,2025-06-04 16:28:02,heat,235.91
36,2025-06-04 16:28:02,gas,6.55
39,2025-06-04 16:28:17,water,27.69
40,2025-06-04 16:28:22,heat,47.22
41,2025-06-04 16:28:27,electricity,94.67
41,2025-06-04 16:28:27,water,4.57
41,2025-06-04 16:28:27,heat,246.95
42,2025-06-04 16:28:32,electricity,80.99
42,2025-06-04 16:28:32,heat,200.26
42,2025-06-04 16:28:32,gas,52.41
43,2025-06-04 16:28:37,electricity,512.51
43,2025-06-04 16:28:37,water,28.96
45,2025-06-04 16:28:47,heat,217.62
47,2025-06-04 16:28:57,electricity,541.48
47,2025-06-04 16:28:57,heat,206.19
49,2025-06-04 16:29:07,water,4.43
49,2025-06-04 16:29:07,gas,53.38
50,2025-06-04 16:29:12,water,21.36
50,2025-06-04 16:29:12,gas,56.09
51,2025-06-04 16:29:17,gas,59.42
52,2025-06-04 16:29:22,gas,58.85
54,2025-06-04 16:29:32,electricity,553.74
54,2025-06-04 16:29:32,heat,236.43
56,2025-06-04 16:29:42,water,4.44
57,2025-06-04 16:29:47,water,29.76
57,2025-06-04 16:29:47,heat,205.44
58,2025-06-04 16:29:52,water,25.53
58,2025-06-04 16:29:52,heat,231.15
58,2025-06-04 16:29:52,gas,5.38
59,2025-06-04 16:29:57,water,29.85
59,2025-06-04 16:29:57,gas,53.52
61,2025-06-04 16:30:07,heat,233.18
61,2025-06-04 16:30:07,gas,50.42
62,2025-06-04 16:30:12,water,27.25
62,2025-06-04 16:30:12,gas,6.06
64,2025-06-04 16:30:22,heat,231.35
67,2025-06-04 16:30:37,electricity,597.45
67,2025-06-04 16:30:37,water,20.43
68,2025-06-04 16:30:42,electricity,576.85
68,2025-06-04 16:30:42,gas,56.52
70,2025-06-04 16:30:52,water,26.88
71,2025-06-04 16:30:57,heat,232.34
72,2025-06-04 16:31:02,water,21.57
72,2025-06-04 16:31:02,heat,242.49
73,2025-06-04 16:31:07,water,23.09
74,2025-06-04 16:31:12,heat,217.77
75,2025-06-04 16:31:17,electricity,549.84
75,2025-06-04 16:31:17,water,26.92
76,2025-06-04 16:31:22,heat,236.93
76,2025-06-04 16:31:22,gas,59.55
77,2025-06-04 16:31:27,water,29.24
77,2025-06-04 16:31:27,heat,240.03
79,2025-06-04 16:31:37,water,27.55
80,2025-06-04 16:31:42,water,21.72
82,2025-06-04 16:31:52,gas,58.52
83,2025-06-04 16:31:57,electricity,505.31
83,2025-06-04 16:31:57,water,29.14
84,2025-06-04 16:32:02,water,3.85
86,2025-06-04 16:32:12,water,20.36
87,2025-06-04 16:32:17,water,26.21
88,2025-06-04 16:32:22,water,28.71
90,2025-06-04 16:32:32,water,28.15
91,2025-06-04 16:32:37,water,20.97
91,2025-06-04 16:32:37,heat,235.24
91,2025-06-04 16:32:37,gas,51.98
92,2025-06-04 16:32:43,heat,242.79
93,2025-06-04 16:32:48,water,4.31
93,2025-06-04 16:32:48,heat,200.55
93,2025-06-04 16:32:48,gas,54.26
94,2025-06-04 16:32:53,gas,51.99
95,2025-06-04 16:32:58,heat,221.47
96,2025-06-04 16:33:03,water,23.31
98,2025-06-04 16:33:13,water,21.23
99,2025-06-04 16:33:18,heat,222.81
100,2025-06-04 16:33:23,water,27.65
101,2025-06-04 16:33:28,water,23.84
101,2025-06-04 16:33:28,heat,231.97
102,2025-06-04 16:33:33,water,22.43
103,2025-06-04 16:33:38,electricity,502.45
103,2025-06-04 16:33:38,water,22.0
105,2025-06-04 16:33:48,water,29.6
105,2025-06-04 16:33:48,gas,53.6
106,2025-06-04 16:33:53,electricity,584.13
107,2025-06-04 16:33:58,water,24.83
107,2025-06-04 16:33:58,gas,59.76
109,2025-06-04 16:34:08,water,26.5
109,2025-06-04 16:34:08,gas,55.98
110,2025-06-04 16:34:13,water,3.8
110,2025-06-04 16:34:13,heat,214.22
112,2025-06-04 16:34:23,water,24.69
113,2025-06-04 16:34:28,electricity,98.68
113,2025-06-04 16:34:28,water,29.95
115,2025-06-04 16:34:38,electricity,516.11
116,2025-06-04 16:34:43,electricity,91.74
116,2025-06-04 16:34:43,gas,51.19
117,2025-06-04 16:34:48,water,28.6
118,2025-06-04 16:34:53,gas,52.23
119,2025-06-04 16:34:58,heat,230.64
120,2025-06-04 16:35:03,water,28.01
120,2025-06-04 16:35:03,heat,232.77
121,2025-06-04 16:35:08,electricity,536.51
121,2025-06-04 16:35:08,water,26.79
122,2025-06-04 16:35:13,electricity,508.94
123,2025-06-04 16:35:18,water,3.62
124,2025-06-04 16:35:23,electricity,502.99
124,2025-06-04 16:35:23,heat,236.84
124,2025-06-04 16:35:23,gas,59.42
125,2025-06-04 16:35:28,water,3.3
126,2025-06-04 16:35:33,electricity,538.27
127,2025-06-04 16:35:38,water,26.19
127,2025-06-04 16:35:38,heat,41.44
128,2025-06-04 16:35:43,water,21.53
130,2025-06-04 16:35:53,electricity,532.85
130,2025-06-04 16:35:53,water,28.58
130,2025-06-04 16:35:53,gas,54.19
132,2025-06-04 16:36:03,electricity,83.45
132,2025-06-04 16:36:03,heat,210.97
134,2025-06-04 16:36:13,gas,7.03
135,2025-06-04 16:36:18,electricity,97.07
136,2025-06-04 16:36:23,heat,234.78
136,2025-06-04 16:36:23,gas,59.74
138,2025-06-04 16:36:33,gas,6.38
139,2025-06-04 16:36:38,electricity,553.26
140,2025-06-04 16:36:43,gas,56.86
141,2025-06-04 16:36:48,water,21.37
141,2025-06-04 16:36:48,heat,243.91
142,2025-06-04 16:36:53,electricity,592.33
142,2025-06-04 16:36:53,water,25.42
143,2025-06-04 16:36:58,electricity,567.53
144,2025-06-04 16:37:03,electricity,580.08
147,2025-06-04 16:37:18,water,4.89
148,2025-06-04 16:37:23,water,4.69
148,2025-06-04 16:37:23,gas,7.72
150,2025-06-04 16:37:33,heat,230.02
151,2025-06-04 16:37:38,electricity,556.21
151,2025-06-04 16:37:38,heat,47.77
151,2025-06-04 16:37:38,gas,53.17
152,2025-06-04 16:37:43,water,4.78
152,2025-06-04 16:37:43,heat,222.71
153,2025-06-04 16:37:48,electricity,590.24
153,2025-06-04 16:37:48,heat,218.25
153,2025-06-04 16:37:48,gas,6.18
155,2025-06-04 16:37:58,gas,5.44
157,2025-06-04 16:38:08,electricity,516.53
157,2025-06-04 16:38:08,water,24.56
158,2025-06-04 16:38:13,electricity,580.51
158,2025-06-04 16:38:13,water,23.78
159,2025-06-04 16:38:19,water,28.09
159,2025-06-04 16:38:19,heat,242.56
160,2025-06-04 16:38:24,gas,9.65
161,2025-06-04 16:38:29,electricity,557.41
162,2025-06-04 16:38:34,electricity,88.38
162,2025-06-04 16:38:34,water,26.22
163,2025-06-04 16:38:39,electricity,553.92
164,2025-06-04 16:38:44,heat,237.7
166,2025-06-04 16:38:54,electricity,99.08
166,2025-06-04 16:38:54,water,3.45
166,2025-06-04 16:38:54,heat,247.43
168,2025-06-04 16:39:04,electricity,540.85
169,2025-06-04 16:39:09,electricity,559.82
171,2025-06-04 16:39:19,water,27.51
173,2025-06-04 16:39:29,water,29.67
173,2025-06-04 16:39:29,gas,58.27
175,2025-06-04 16:39:39,electricity,532.88
178,2025-06-04 16:39:54,heat,213.9
178,2025-06-04 16:39:54,gas,7.68
179,2025-06-04 16:39:59,water,26.72
179,2025-06-04 16:39:59,heat,216.4
180,2025-06-04 16:40:04,electricity,574.3
182,2025-06-04 16:40:14,water,26.74
183,2025-06-04 16:40:19,water,22.38
185,2025-06-04 16:40:29,electricity,544.33
185,2025-06-04 16:40:29,water,20.85
185,2025-06-04 16:40:29,gas,57.98
186,2025-06-04 16:40:34,water,23.26
186,2025-06-04 16:40:34,gas,54.22
187,2025-06-04 16:40:39,electricity,520.58
187,2025-06-04 16:40:39,heat,247.88
187,2025-06-04 16:40:39,gas,8.83
189,2025-06-04 16:40:49,electricity,93.95
190,2025-06-04 16:40:54,water,22.09
191,2025-06-04 16:40:59,water,23.56
192,2025-06-04 16:41:04,water,26.3
192,2025-06-04 16:41:04,heat,47.7
193,2025-06-04 16:41:09,water,28.97
194,2025-06-04 16:41:14,water,4.37
194,2025-06-04 16:41:14,gas,56.0
195,2025-06-04 16:41:19,gas,54.62
197,2025-06-04 16:41:29,water,21.85
197,2025-06-04 16:41:29,heat,44.09
198,2025-06-04 16:41:34,water,25.84
199,2025-06-04 16:41:39,water,20.15
200,2025-06-04 16:41:44,water,3.62
201,2025-06-04 16:41:49,water,23.1
203,2025-06-04 16:41:59,water,24.8
204,2025-06-04 16:42:04,electricity,572.84
204,2025-06-04 16:42:04,water,23.2
204,2025-06-04 16:42:04,heat,224.99
205,2025-06-04 16:42:09,water,21.94
205,2025-06-04 16:42:09,gas,8.89
207,2025-06-04 16:42:19,electricity,504.92
207,2025-06-04 16:42:19,water,23.48
207,2025-06-04 16:42:19,heat,226.55
208,2025-06-04 16:42:24,water,26.96
208,2025-06-04 16:42:24,heat,213.6
209,2025-06-04 16:42:29,gas,53.44
210,2025-06-04 16:42:34,electricity,513.63
211,2025-06-04 16:42:39,water,22.87
211,2025-06-04 16:42:39,heat,228.37
212,2025-06-04 16:42:44,heat,233.55
212,2025-06-04 16:42:44,gas,55.94
213,2025-06-04 16:42:49,water,25.96
216,2025-06-04 16:43:04,electricity,578.52
216,2025-06-04 16:43:04,water,29.32
217,2025-06-04 16:43:09,water,24.17
217,2025-06-04 16:43:09,heat,235.08
218,2025-06-04 16:43:14,gas,6.52
219,2025-06-04 16:43:19,water,21.72
220,2025-06-04 16:43:24,gas,55.89
222,2025-06-04 16:43:34,water,22.97
222,2025-06-04 16:43:34,gas,6.69
223,2025-06-04 16:43:39,heat,47.56
224,2025-06-04 16:43:44,gas,59.07
225,2025-06-04 16:43:49,electricity,553.52
226,2025-06-04 16:43:54,water,3.74
226,2025-06-04 16:43:54,heat,224.12
227,2025-06-04 16:43:59,water,28.73
227,2025-06-04 16:43:59,gas,52.69
228,2025-06-04 16:44:05,gas,59.32
230,2025-06-04 16:44:15,electricity,90.8
231,2025-06-04 16:44:20,gas,57.96
233,2025-06-04 16:44:30,gas,50.38
234,2025-06-04 16:44:35,electricity,511.44
234,2025-06-04 16:44:35,gas,5.39
235,2025-06-04 16:44:40,heat,208.67
236,2025-06-04 16:44:45,electricity,514.06
237,2025-06-04 16:44:50,electricity,583.81
237,2025-06-04 16:44:50,water,27.07
238,2025-06-04 16:44:55,heat,243.0
239,2025-06-04 16:45:00,water,29.58
239,2025-06-04 16:45:00,heat,219.47
241,2025-06-04 16:45:10,electricity,501.45
242,2025-06-04 16:45:15,gas,8.51
243,2025-06-04 16:45:20,water,26.29
244,2025-06-04 16:45:25,electricity,92.68
246,2025-06-04 16:45:35,gas,50.39
247,2025-06-04 16:45:40,water,23.36
247,2025-06-04 16:45:40,gas,7.75
248,2025-06-04 16:45:45,water,4.02
248,2025-06-04 16:45:45,heat,240.53
249,2025-06-04 16:45:50,water,27.35
250,2025-06-04 16:45:55,electricity,517.74
250,2025-06-04 16:45:55,water,4.91
251,2025-06-04 16:46:00,water,22.86
251,2025-06-04 16:46:00,heat,225.39
252,2025-06-04 16:46:05,electricity,581.28
252,2025-06-04 16:46:05,gas,57.68
253,2025-06-04 16:46:10,water,24.59
253,2025-06-04 16:46:10,heat,223.84
253,2025-06-04 16:46:10,gas,54.3
254,2025-06-04 16:46:15,electricity,599.42
254,2025-06-04 16:46:15,water,4.53
255,2025-06-04 16:46:20,water,25.68
256,2025-06-04 16:46:25,heat,215.58
256,2025-06-04 16:46:25,gas,5.83
258,2025-06-04 16:46:35,gas,50.12
259,2025-06-04 16:46:40,electricity,535.98
259,2025-06-04 16:46:40,heat,203.31
260,2025-06-04 16:46:45,water,4.97
261,2025-06-04 16:46:50,heat,241.07
262,2025-06-04 16:46:55,electricity,503.41
262,2025-06-04 16:46:55,water,22.75
262,2025-06-04 16:46:55,gas,51.28
263,2025-06-04 16:47:00,gas,7.54
264,2025-06-04 16:47:05,water,25.78
264,2025-06-04 16:47:05,heat,246.73
265,2025-06-04 16:47:10,heat,215.19
266,2025-06-04 16:47:15,water,27.23
267,2025-06-04 16:47:20,water,23.49
268,2025-06-04 16:47:25,water,22.41
268,2025-06-04 16:47:25,gas,56.62
270,2025-06-04 16:47:35,electricity,566.48
270,2025-06-04 16:47:35,heat,229.13
273,2025-06-04 16:47:50,water,21.4
273,2025-06-04 16:47:50,heat,206.99
274,2025-06-04 16:47:55,water,20.6
275,2025-06-04 16:48:00,electricity,90.49
275,2025-06-04 16:48:00,water,23.33
276,2025-06-04 16:48:05,electricity,501.28
276,2025-06-04 16:48:05,water,27.69
277,2025-06-04 16:48:10,water,3.27
277,2025-06-04 16:48:10,heat,249.57
278,2025-06-04 16:48:15,water,25.54
278,2025-06-04 16:48:15,gas,57.05
279,2025-06-04 16:48:20,heat,42.99
279,2025-06-04 16:48:20,gas,58.12
280,2025-06-04 16:48:25,water,3.13
281,2025-06-04 16:48:30,water,29.11
282,2025-06-04 16:48:35,gas,6.43
283,2025-06-04 16:48:40,water,20.31
285,2025-06-04 16:48:50,electricity,564.36
285,2025-06-04 16:48:50,heat,243.05
286,2025-06-04 16:48:55,heat,223.88
287,2025-06-04 16:49:00,electricity,519.23
287,2025-06-04 16:49:00,heat,234.05
288,2025-06-04 16:49:05,water,26.83
288,2025-06-04 16:49:05,heat,229.87
291,2025-06-04 16:49:20,water,27.96
291,2025-06-04 16:49:20,gas,55.17
292,2025-06-04 16:49:25,heat,225.25
293,2025-06-04 16:49:30,electricity,589.03
294,2025-06-04 16:49:35,water,20.1
297,2025-06-04 16:49:50,heat,238.53
298,2025-06-04 16:49:55,electricity,582.59
298,2025-06-04 16:49:55,water,24.99
298,2025-06-04 16:49:55,gas,50.06
299,2025-06-04 16:50:01,water,3.57
300,2025-06-04 16:50:06,electricity,523.01
300,2025-06-04 16:50:06,heat,230.84
301,2025-06-04 16:50:11,water,26.36
302,2025-06-04 16:50:16,electricity,537.99
302,2025-06-04 16:50:16,heat,239.93
303,2025-06-04 16:50:21,heat,242.9
304,2025-06-04 16:50:26,water,24.34
304,2025-06-04 16:50:26,heat,240.64
305,2025-06-04 16:50:31,water,3.31
306,2025-06-04 16:50:36,water,28.73
307,2025-06-04 16:50:41,electricity,581.59
307,2025-06-04 16:50:41,water,29.56
309,2025-06-04 16:50:51,water,20.13
309,2025-06-04 16:50:51,heat,226.12
310,2025-06-04 16:50:56,electricity,535.22
311,2025-06-04 16:51:01,electricity,565.69
311,2025-06-04 16:51:01,heat,217.14
312,2025-06-04 16:51:06,electricity,543.16
312,2025-06-04 16:51:06,heat,249.46
313,2025-06-04 16:51:11,gas,6.8
314,2025-06-04 16:51:16,heat,201.94
314,2025-06-04 16:51:16,gas,51.81
315,2025-06-04 16:51:21,electricity,567.46
315,2025-06-04 16:51:21,water,4.75
316,2025-06-04 16:51:26,water,29.42
318,2025-06-04 16:51:36,heat,221.35
318,2025-06-04 16:51:36,gas,59.02
319,2025-06-04 16:51:41,gas,51.91
320,2025-06-04 16:51:46,water,26.53
321,2025-06-04 16:51:51,heat,232.38
321,2025-06-04 16:51:51,gas,50.39
322,2025-06-04 16:51:56,heat,218.98
323,2025-06-04 16:52:01,electricity,522.8
323,2025-06-04 16:52:01,heat,201.55
327,2025-06-04 16:52:21,electricity,538.94
327,2025-06-04 16:52:21,heat,218.89
328,2025-06-04 16:52:26,electricity,536.32
328,2025-06-04 16:52:26,water,22.18
328,2025-06-04 16:52:26,gas,56.03
330,2025-06-04 16:52:36,heat,40.84
330,2025-06-04 16:52:36,gas,6.15
331,2025-06-04 16:52:41,water,25.31
331,2025-06-04 16:52:41,heat,200.42
332,2025-06-04 16:52:46,water,25.05
332,2025-06-04 16:52:46,gas,5.11
333,2025-06-04 16:52:51,water,28.69
334,2025-06-04 16:52:56,electricity,575.13
334,2025-06-04 16:52:56,water,3.66
335,2025-06-04 16:53:01,water,21.21
335,2025-06-04 16:53:01,heat,245.09
336,2025-06-04 16:53:06,water,24.28
336,2025-06-04 16:53:06,heat,242.37
337,2025-06-04 16:53:11,water,21.96
337,2025-06-04 16:53:11,heat,243.07
337,2025-06-04 16:53:11,gas,6.84
340,2025-06-04 16:53:26,water,21.73
340,2025-06-04 16:53:26,heat,214.88
340,2025-06-04 16:53:26,gas,51.63
342,2025-06-04 16:53:36,electricity,597.46
343,2025-06-04 16:53:41,water,26.18
343,2025-06-04 16:53:41,gas,54.36
344,2025-06-04 16:53:46,gas,8.34
345,2025-06-04 16:53:51,electricity,545.01
345,2025-06-04 16:53:51,heat,236.06
346,2025-06-04 16:53:56,heat,247.48
347,2025-06-04 16:54:01,heat,229.14
349,2025-06-04 16:54:11,gas,7.39
350,2025-06-04 16:54:16,water,24.12
350,2025-06-04 16:54:16,heat,229.0
350,2025-06-04 16:54:16,gas,59.84
352,2025-06-04 16:54:26,electricity,563.83
352,2025-06-04 16:54:26,water,24.95
353,2025-06-04 16:54:31,heat,46.01
355,2025-06-04 16:54:41,electricity,554.81
355,2025-06-04 16:54:41,water,21.74
356,2025-06-04 16:54:46,heat,215.12
358,2025-06-04 16:54:56,electricity,98.28
358,2025-06-04 16:54:56,heat,40.64
360,2025-06-04 16:55:06,electricity,505.22
360,2025-06-04 16:55:06,water,22.22
360,2025-06-04 16:55:06,gas,6.91
362,2025-06-04 16:55:16,gas,5.17
364,2025-06-04 16:55:26,electricity,94.63
365,2025-06-04 16:55:31,water,3.93
365,2025-06-04 16:55:31,heat,204.13
367,2025-06-04 16:55:41,water,29.6
368,2025-06-04 16:55:46,gas,8.28
369,2025-06-04 16:55:51,electricity,574.52
369,2025-06-04 16:55:51,water,23.09
369,2025-06-04 16:55:51,gas,59.14
373,2025-06-04 16:56:11,gas,7.56
374,2025-06-04 16:56:16,gas,52.51
376,2025-06-04 16:56:27,water,25.32
377,2025-06-04 16:56:32,electricity,548.25
377,2025-06-04 16:56:32,water,27.91
378,2025-06-04 16:56:37,gas,7.58
379,2025-06-04 16:56:42,electricity,96.45
379,2025-06-04 16:56:42,water,3.47
379,2025-06-04 16:56:42,gas,9.79
381,2025-06-04 16:56:52,electricity,530.31
381,2025-06-04 16:56:52,water,20.01
382,2025-06-04 16:56:57,heat,44.7
383,2025-06-04 16:57:02,water,25.04
383,2025-06-04 16:57:02,heat,229.55
384,2025-06-04 16:57:07,water,22.99
386,2025-06-04 16:57:17,water,26.04
386,2025-06-04 16:57:17,heat,220.66
386,2025-06-04 16:57:17,gas,57.75
387,2025-06-04 16:57:22,electricity,508.89
387,2025-06-04 16:57:22,heat,49.93
387,2025-06-04 16:57:22,gas,7.67
388,2025-06-04 16:57:27,heat,49.77
388,2025-06-04 16:57:27,gas,51.1
390,2025-06-04 16:57:37,water,3.68
391,2025-06-04 16:57:42,electricity,547.61
391,2025-06-04 16:57:42,water,21.97
392,2025-06-04 16:57:47,electricity,549.28
392,2025-06-04 16:57:47,heat,232.61
393,2025-06-04 16:57:52,heat,240.07
393,2025-06-04 16:57:52,gas,52.63
395,2025-06-04 16:58:02,gas,55.62
396,2025-06-04 16:58:07,water,26.12
397,2025-06-04 16:58:12,water,21.42
397,2025-06-04 16:58:12,heat,211.02
398,2025-06-04 16:58:17,electricity,575.28
398,2025-06-04 16:58:17,water,3.15
399,2025-06-04 16:58:22,water,20.74
399,2025-06-04 16:58:22,gas,9.63
401,2025-06-04 16:58:32,electricity,595.75
401,2025-06-04 16:58:32,gas,50.19
403,2025-06-04 16:58:42,gas,5.66
404,2025-06-04 16:58:47,water,21.96
404,2025-06-04 16:58:47,gas,57.64
407,2025-06-04 16:59:02,heat,232.64
408,2025-06-04 16:59:07,water,26.7
408,2025-06-04 16:59:07,gas,7.08
411,2025-06-04 16:59:22,water,20.69
411,2025-06-04 16:59:22,heat,238.85
411,2025-06-04 16:59:22,gas,53.47
412,2025-06-04 16:59:27,gas,57.76
413,2025-06-04 16:59:32,gas,57.27
414,2025-06-04 16:59:37,gas,51.0
415,2025-06-04 16:59:42,gas,9.95
416,2025-06-04 16:59:47,electricity,587.03
416,2025-06-04 16:59:47,water,29.8
416,2025-06-04 16:59:47,gas,56.87
418,2025-06-04 16:59:57,water,4.39
418,2025-06-04 16:59:57,gas,58.25
419,2025-06-04 17:00:02,heat,234.09
419,2025-06-04 17:00:02,gas,8.77
420,2025-06-04 17:00:07,heat,246.92
421,2025-06-04 17:00:12,water,22.12
422,2025-06-04 17:00:17,gas,56.93
423,2025-06-04 17:00:22,electricity,568.43
423,2025-06-04 17:00:22,water,26.83
423,2025-06-04 17:00:22,gas,54.02
425,2025-06-04 17:00:32,water,21.79
426,2025-06-04 17:00:37,water,24.83
426,2025-06-04 17:00:37,heat,229.07
427,2025-06-04 17:00:42,heat,234.38
428,2025-06-04 17:00:47,gas,58.44
433,2025-06-04 17:01:12,water,21.24
433,2025-06-04 17:01:12,gas,51.73
434,2025-06-04 17:01:17,water,29.58
435,2025-06-04 17:01:22,water,29.3
437,2025-06-04 17:01:32,water,22.61
438,2025-06-04 17:01:37,gas,9.19
439,2025-06-04 17:01:42,water,4.35
439,2025-06-04 17:01:42,heat,205.55
439,2025-06-04 17:01:42,gas,8.49
442,2025-06-04 17:01:57,water,24.12
442,2025-06-04 17:01:57,gas,51.66
444,2025-06-04 17:02:07,heat,246.45
445,2025-06-04 17:02:12,heat,214.43
446,2025-06-04 17:02:17,gas,55.17
447,2025-06-04 17:02:22,heat,219.67
449,2025-06-04 17:02:32,water,20.74
450,2025-06-04 17:02:37,water,23.72
451,2025-06-04 17:02:43,heat,217.49
452,2025-06-04 17:02:48,electricity,589.59
452,2025-06-04 17:02:48,water,28.91
452,2025-06-04 17:02:48,gas,5.57
453,2025-06-04 17:02:53,heat,248.08
455,2025-06-04 17:03:03,electricity,543.73
455,2025-06-04 17:03:03,heat,209.43
456,2025-06-04 17:03:08,electricity,589.43
457,2025-06-04 17:03:13,electricity,592.03
457,2025-06-04 17:03:13,heat,223.31
458,2025-06-04 17:03:18,water,21.39
460,2025-06-04 17:03:28,electricity,85.28
460,2025-06-04 17:03:28,water,20.06
463,2025-06-04 17:03:43,heat,218.04
466,2025-06-04 17:03:58,heat,247.94
467,2025-06-04 17:04:03,water,29.04
467,2025-06-04 17:04:03,gas,53.33
468,2025-06-04 17:04:08,water,20.35
469,2025-06-04 17:04:13,electricity,568.73
469,2025-06-04 17:04:13,water,22.27
469,2025-06-04 17:04:13,heat,216.33
471,2025-06-04 17:04:23,water,26.02
471,2025-06-04 17:04:23,heat,41.86
473,2025-06-04 17:04:33,gas,5.89
474,2025-06-04 17:04:38,water,27.5
475,2025-06-04 17:04:43,heat,215.6
475,2025-06-04 17:04:43,gas,7.21
476,2025-06-04 17:04:48,water,28.17
476,2025-06-04 17:04:48,heat,227.02
477,2025-06-04 17:04:53,water,24.68
477,2025-06-04 17:04:53,heat,205.12
479,2025-06-04 17:05:03,water,20.78
479,2025-06-04 17:05:03,gas,53.15
482,2025-06-04 17:05:18,water,3.39
482,2025-06-04 17:05:18,heat,42.11
482,2025-06-04 17:05:18,gas,54.28
483,2025-06-04 17:05:23,electricity,565.89
483,2025-06-04 17:05:23,water,28.89
484,2025-06-04 17:05:28,gas,8.57
486,2025-06-04 17:05:38,heat,203.63
487,2025-06-04 17:05:43,gas,51.03
489,2025-06-04 17:05:53,heat,211.02
490,2025-06-04 17:05:58,gas,53.17
491,2025-06-04 17:06:03,water,23.79
491,2025-06-04 17:06:03,gas,7.36
492,2025-06-04 17:06:08,water,28.57
493,2025-06-04 17:06:13,electricity,580.92
493,2025-06-04 17:06:13,heat,239.5
494,2025-06-04 17:06:18,heat,221.1
495,2025-06-04 17:06:23,water,28.09
495,2025-06-04 17:06:23,heat,247.72
496,2025-06-04 17:06:28,water,20.08
498,2025-06-04 17:06:38,water,29.04
499,2025-06-04 17:06:43,water,27.76
499,2025-06-04 17:06:43,heat,40.98
500,2025-06-04 17:06:48,heat,237.91
501,2025-06-04 17:06:53,water,29.82
503,2025-06-04 17:07:03,electricity,525.29
505,2025-06-04 17:07:13,gas,6.52
506,2025-06-04 17:07:18,water,29.59
507,2025-06-04 17:07:23,water,28.37
508,2025-06-04 17:07:28,water,4.45
509,2025-06-04 17:07:33,water,25.02
509,2025-06-04 17:07:33,gas,59.41
511,2025-06-04 17:07:43,water,20.25
512,2025-06-04 17:07:48,electricity,576.94
512,2025-06-04 17:07:48,gas,58.93
513,2025-06-04 17:07:53,electricity,530.99
513,2025-06-04 17:07:53,water,26.99
514,2025-06-04 17:07:58,electricity,529.46
514,2025-06-04 17:07:58,water,20.21
514,2025-06-04 17:07:58,gas,8.51
515,2025-06-04 17:08:03,water,20.85
516,2025-06-04 17:08:08,electricity,590.99
516,2025-06-04 17:08:08,heat,209.7
516,2025-06-04 17:08:08,gas,52.67
517,2025-06-04 17:08:13,electricity,540.23
517,2025-06-04 17:08:13,heat,232.2
518,2025-06-04 17:08:18,gas,53.91
519,2025-06-04 17:08:23,electricity,513.34
519,2025-06-04 17:08:23,water,3.96
520,2025-06-04 17:08:28,electricity,565.5
520,2025-06-04 17:08:28,water,28.92
520,2025-06-04 17:08:28,heat,219.74
522,2025-06-04 17:08:38,water,21.49
524,2025-06-04 17:08:48,electricity,555.81
525,2025-06-04 17:08:53,water,25.76
527,2025-06-04 17:09:03,electricity,571.74
528,2025-06-04 17:09:08,water,21.16
528,2025-06-04 17:09:08,gas,56.02
529,2025-06-04 17:09:13,gas,9.46
530,2025-06-04 17:09:19,water,27.61
530,2025-06-04 17:09:19,gas,54.56
532,2025-06-04 17:09:29,water,23.9
532,2025-06-04 17:09:29,heat,240.48
533,2025-06-04 17:09:34,water,26.23
533,2025-06-04 17:09:34,heat,211.72
533,2025-06-04 17:09:34,gas,8.32
535,2025-06-04 17:09:44,water,28.0
535,2025-06-04 17:09:44,heat,219.52
536,2025-06-04 17:09:49,water,29.63
537,2025-06-04 17:09:54,electricity,598.68
537,2025-06-04 17:09:54,water,22.07
539,2025-06-04 17:10:04,electricity,508.86
539,2025-06-04 17:10:04,gas,59.92
541,2025-06-04 17:10:14,electricity,80.63
541,2025-06-04 17:10:14,heat,220.75
541,2025-06-04 17:10:14,gas,6.0
542,2025-06-04 17:10:19,electricity,538.56
542,2025-06-04 17:10:19,water,29.15
543,2025-06-04 17:10:24,electricity,568.8
543,2025-06-04 17:10:24,gas,57.38
545,2025-06-04 17:10:34,electricity,595.31
546,2025-06-04 17:10:39,electricity,582.52
546,2025-06-04 17:10:39,water,22.74
549,2025-06-04 17:10:54,water,3.66
550,2025-06-04 17:10:59,heat,48.12
551,2025-06-04 17:11:04,water,23.51
553,2025-06-04 17:11:14,water,23.97
554,2025-06-04 17:11:19,heat,244.1
554,2025-06-04 17:11:19,gas,6.71
555,2025-06-04 17:11:24,water,27.29
555,2025-06-04 17:11:24,heat,235.62
556,2025-06-04 17:11:29,water,20.26
556,2025-06-04 17:11:29,heat,237.23
556,2025-06-04 17:11:29,gas,5.33
557,2025-06-04 17:11:34,gas,7.8
558,2025-06-04 17:11:39,heat,221.23
560,2025-06-04 17:11:49,water,27.59
560,2025-06-04 17:11:49,heat,210.28
560,2025-06-04 17:11:49,gas,54.01
561,2025-06-04 17:11:54,gas,5.33
563,2025-06-04 17:12:04,electricity,97.9
563,2025-06-04 17:12:04,water,28.48
564,2025-06-04 17:12:09,electricity,587.04
565,2025-06-04 17:12:14,heat,201.55
565,2025-06-04 17:12:14,gas,58.89
566,2025-06-04 17:12:19,gas,6.95
567,2025-06-04 17:12:24,electricity,89.49
567,2025-06-04 17:12:24,heat,245.17
567,2025-06-04 17:12:24,gas,57.49
568,2025-06-04 17:12:29,heat,217.32
568,2025-06-04 17:12:29,gas,52.06
570,2025-06-04 17:12:39,electricity,588.01
570,2025-06-04 17:12:39,water,22.66
570,2025-06-04 17:12:39,gas,54.87
571,2025-06-04 17:12:44,electricity,88.72
572,2025-06-04 17:12:49,heat,248.03
572,2025-06-04 17:12:49,gas,50.67
573,2025-06-04 17:12:54,water,23.6
574,2025-06-04 17:12:59,heat,229.06
575,2025-06-04 17:13:04,water,4.11
575,2025-06-04 17:13:04,heat,222.79
575,2025-06-04 17:13:04,gas,8.74
576,2025-06-04 17:13:09,heat,244.23
577,2025-06-04 17:13:14,water,24.09
577,2025-06-04 17:13:14,heat,237.87
577,2025-06-04 17:13:14,gas,54.66
578,2025-06-04 17:13:19,electricity,516.23
578,2025-06-04 17:13:19,water,27.14
579,2025-06-04 17:13:24,electricity,591.24
581,2025-06-04 17:13:34,electricity,95.47
581,2025-06-04 17:13:34,gas,57.13
582,2025-06-04 17:13:39,water,3.74
584,2025-06-04 17:13:49,heat,238.59
584,2025-06-04 17:13:49,gas,52.63
585,2025-06-04 17:13:54,heat,224.32
588,2025-06-04 17:14:09,gas,58.4
589,2025-06-04 17:14:14,electricity,81.65
590,2025-06-04 17:14:19,water,20.93
591,2025-06-04 17:14:24,water,23.43
592,2025-06-04 17:14:29,water,20.74
592,2025-06-04 17:14:29,heat,43.37
593,2025-06-04 17:14:34,water,20.82
593,2025-06-04 17:14:34,heat,43.96
594,2025-06-04 17:14:39,water,20.73
594,2025-06-04 17:14:39,heat,242.47
596,2025-06-04 17:14:49,water,21.61
597,2025-06-04 17:14:54,water,20.1
598,2025-06-04 17:14:59,water,21.13
600,2025-06-04 17:15:10,gas,59.5
602,2025-06-04 17:15:20,water,4.71
602,2025-06-04 17:15:20,gas,51.65
603,2025-06-04 17:15:25,electricity,538.55
603,2025-06-04 17:15:25,gas,52.36
604,2025-06-04 17:15:30,gas,6.34
605,2025-06-04 17:15:35,heat,244.13
605,2025-06-04 17:15:35,gas,5.2
606,2025-06-04 17:15:40,heat,201.76
607,2025-06-04 17:15:45,electricity,523.37
608,2025-06-04 17:15:50,gas,8.05
611,2025-06-04 17:16:05,heat,212.48
611,2025-06-04 17:16:05,gas,7.95
612,2025-06-04 17:16:10,water,23.79
612,2025-06-04 17:16:10,gas,7.05
613,2025-06-04 17:16:15,electricity,544.76
614,2025-06-04 17:16:20,heat,241.0
615,2025-06-04 17:16:25,water,21.5
616,2025-06-04 17:16:30,heat,239.35
617,2025-06-04 17:16:35,gas,8.31
620,2025-06-04 17:16:50,water,23.04
620,2025-06-04 17:16:50,gas,6.36
621,2025-06-04 17:16:55,heat,48.48
622,2025-06-04 17:17:00,electricity,89.9
622,2025-06-04 17:17:00,water,28.24
623,2025-06-04 17:17:05,electricity,579.21
623,2025-06-04 17:17:05,gas,52.65
624,2025-06-04 17:17:10,water,28.62
624,2025-06-04 17:17:10,gas,53.32
625,2025-06-04 17:17:15,water,29.36
627,2025-06-04 17:17:25,gas,57.89
629,2025-06-04 17:17:35,water,23.71
630,2025-06-04 17:17:40,water,29.68
630,2025-06-04 17:17:40,gas,57.12
631,2025-06-04 17:17:45,gas,56.98
632,2025-06-04 17:17:50,gas,50.88
633,2025-06-04 17:17:55,water,20.27
634,2025-06-04 17:18:00,heat,48.69
636,2025-06-04 17:18:10,electricity,503.86
637,2025-06-04 17:18:15,heat,49.68
638,2025-06-04 17:18:20,gas,51.34
639,2025-06-04 17:18:25,water,28.41
640,2025-06-04 17:18:30,electricity,550.04
640,2025-06-04 17:18:30,water,3.51
641,2025-06-04 17:18:35,water,24.4
643,2025-06-04 17:18:45,water,22.9
643,2025-06-04 17:18:45,gas,53.64
644,2025-06-04 17:18:50,water,22.09
645,2025-06-04 17:18:55,gas,53.92
648,2025-06-04 17:19:10,electricity,581.01
648,2025-06-04 17:19:10,gas,56.55
651,2025-06-04 17:19:25,water,4.34
651,2025-06-04 17:19:25,gas,53.24
652,2025-06-04 17:19:30,electricity,85.09
652,2025-06-04 17:19:30,water,24.91
653,2025-06-04 17:19:35,heat,240.82
655,2025-06-04 17:19:45,electricity,573.57
656,2025-06-04 17:19:50,gas,6.91
657,2025-06-04 17:19:55,water,27.52
657,2025-06-04 17:19:55,gas,57.35
658,2025-06-04 17:20:00,water,3.39
659,2025-06-04 17:20:05,water,4.32
659,2025-06-04 17:20:05,heat,232.2
660,2025-06-04 17:20:10,heat,231.25
661,2025-06-04 17:20:15,heat,218.54
663,2025-06-04 17:20:25,water,21.47
663,2025-06-04 17:20:25,heat,243.05
665,2025-06-04 17:20:35,water,26.48
666,2025-06-04 17:20:40,water,4.03
667,2025-06-04 17:20:45,water,24.02
669,2025-06-04 17:20:55,water,23.23
669,2025-06-04 17:20:55,heat,49.96
670,2025-06-04 17:21:00,water,22.15
671,2025-06-04 17:21:05,electricity,597.23
672,2025-06-04 17:21:10,water,24.29
672,2025-06-04 17:21:10,heat,201.4
673,2025-06-04 17:21:15,gas,8.21
674,2025-06-04 17:21:20,electricity,508.54
675,2025-06-04 17:21:25,water,24.33
675,2025-06-04 17:21:25,heat,41.08
675,2025-06-04 17:21:25,gas,51.5
677,2025-06-04 17:21:35,heat,48.35
678,2025-06-04 17:21:40,gas,7.02
679,2025-06-04 17:21:46,gas,56.46
680,2025-06-04 17:21:51,heat,223.41
684,2025-06-04 17:22:11,water,21.29
684,2025-06-04 17:22:11,heat,208.27
685,2025-06-04 17:22:16,water,26.51
686,2025-06-04 17:22:21,water,26.58
686,2025-06-04 17:22:21,heat,220.88
690,2025-06-04 17:22:41,heat,216.15
690,2025-06-04 17:22:41,gas,8.81
691,2025-06-04 17:22:46,water,3.49
693,2025-06-04 17:22:56,electricity,511.79
694,2025-06-04 17:23:01,water,27.35
694,2025-06-04 17:23:01,heat,225.41
695,2025-06-04 17:23:06,electricity,587.04
695,2025-06-04 17:23:06,gas,54.99
696,2025-06-04 17:23:11,water,21.97
696,2025-06-04 17:23:11,gas,52.42
698,2025-06-04 17:23:21,electricity,526.17
698,2025-06-04 17:23:21,gas,50.38
700,2025-06-04 17:23:31,water,24.83
701,2025-06-04 17:23:36,electricity,567.72
702,2025-06-04 17:23:41,water,20.09
702,2025-06-04 17:23:41,gas,6.41
703,2025-06-04 17:23:46,heat,228.69
704,2025-06-04 17:23:51,gas,52.9
705,2025-06-04 17:23:56,water,4.11
705,2025-06-04 17:23:56,gas,50.68
706,2025-06-04 17:24:01,heat,230.38
707,2025-06-04 17:24:06,water,27.31
707,2025-06-04 17:24:06,gas,58.0
708,2025-06-04 17:24:11,water,24.06
708,2025-06-04 17:24:11,heat,243.7
709,2025-06-04 17:24:16,water,29.78
709,2025-06-04 17:24:16,heat,229.7
710,2025-06-04 17:24:21,water,26.87
711,2025-06-04 17:24:26,water,3.58
711,2025-06-04 17:24:26,gas,58.26
712,2025-06-04 17:24:31,water,25.08
712,2025-06-04 17:24:31,heat,249.96
713,2025-06-04 17:24:36,heat,235.77
715,2025-06-04 17:24:46,water,22.89
715,2025-06-04 17:24:46,gas,51.42
716,2025-06-04 17:24:51,gas,59.33
717,2025-06-04 17:24:56,heat,230.91
718,2025-06-04 17:25:01,water,27.77
718,2025-06-04 17:25:01,heat,216.49
718,2025-06-04 17:25:01,gas,55.24
719,2025-06-04 17:25:06,water,27.31
720,2025-06-04 17:25:11,water,24.81
721,2025-06-04 17:25:16,water,29.58
722,2025-06-04 17:25:21,electricity,90.99
722,2025-06-04 17:25:21,heat,49.88
723,2025-06-04 17:25:26,electricity,538.68
723,2025-06-04 17:25:26,water,24.93
726,2025-06-04 17:25:41,heat,229.17
727,2025-06-04 17:25:46,heat,49.16
729,2025-06-04 17:25:56,electricity,583.29
729,2025-06-04 17:25:56,water,21.53
729,2025-06-04 17:25:56,heat,202.75
730,2025-06-04 17:26:01,water,29.03
731,2025-06-04 17:26:06,water,29.75
731,2025-06-04 17:26:06,heat,201.45
732,2025-06-04 17:26:11,water,24.46
732,2025-06-04 17:26:11,gas,57.65
733,2025-06-04 17:26:16,electricity,563.06
733,2025-06-04 17:26:16,water,21.53
735,2025-06-04 17:26:26,gas,9.33
736,2025-06-04 17:26:31,water,4.18
736,2025-06-04 17:26:31,heat,234.4
737,2025-06-04 17:26:36,gas,52.77
738,2025-06-04 17:26:41,electricity,576.67
738,2025-06-04 17:26:41,heat,247.07
739,2025-06-04 17:26:46,electricity,506.51
739,2025-06-04 17:26:46,heat,232.04
740,2025-06-04 17:26:51,water,22.91
740,2025-06-04 17:26:51,heat,224.46
741,2025-06-04 17:26:56,water,29.11
741,2025-06-04 17:26:56,gas,53.48
742,2025-06-04 17:27:01,water,22.72
744,2025-06-04 17:27:11,water,24.08
745,2025-06-04 17:27:16,water,4.93
747,2025-06-04 17:27:27,water,25.04
747,2025-06-04 17:27:27,gas,58.41
748,2025-06-04 17:27:32,electricity,535.95
748,2025-06-04 17:27:32,water,27.56
748,2025-06-04 17:27:32,heat,46.26
749,2025-06-04 17:27:37,electricity,90.69
749,2025-06-04 17:27:37,water,27.51
749,2025-06-04 17:27:37,heat,227.58
750,2025-06-04 17:27:42,heat,214.87
753,2025-06-04 17:27:57,water,4.78
754,2025-06-04 17:28:02,electricity,575.48
754,2025-06-04 17:28:02,water,25.08
754,2025-06-04 17:28:02,heat,220.95
754,2025-06-04 17:28:02,gas,6.13
755,2025-06-04 17:28:07,electricity,591.41
755,2025-06-04 17:28:07,water,26.06
755,2025-06-04 17:28:07,gas,56.27
756,2025-06-04 17:28:12,heat,231.11
757,2025-06-04 17:28:17,water,28.86
759,2025-06-04 17:28:27,heat,218.37
759,2025-06-04 17:28:27,gas,6.41
760,2025-06-04 17:28:32,water,27.11
760,2025-06-04 17:28:32,gas,6.09
762,2025-06-04 17:28:42,gas,5.69
763,2025-06-04 17:28:47,heat,45.05
764,2025-06-04 17:28:52,water,28.42
764,2025-06-04 17:28:52,gas,59.52
765,2025-06-04 17:28:57,electricity,551.48
765,2025-06-04 17:28:57,gas,59.43
766,2025-06-04 17:29:02,electricity,579.18
766,2025-06-04 17:29:02,water,20.51
767,2025-06-04 17:29:07,gas,51.08
768,2025-06-04 17:29:12,water,4.58
768,2025-06-04 17:29:12,heat,49.82
768,2025-06-04 17:29:12,gas,8.82
769,2025-06-04 17:29:17,electricity,80.4
769,2025-06-04 17:29:17,water,27.57
770,2025-06-04 17:29:22,heat,222.52
771,2025-06-04 17:29:27,water,22.35
772,2025-06-04 17:29:32,heat,40.17
773,2025-06-04 17:29:37,water,27.88
775,2025-06-04 17:29:47,gas,51.99
776,2025-06-04 17:29:52,gas,58.39
777,2025-06-04 17:29:57,water,4.13
778,2025-06-04 17:30:02,water,25.27
778,2025-06-04 17:30:02,gas,51.03
779,2025-06-04 17:30:07,water,26.76
780,2025-06-04 17:30:12,gas,9.83
781,2025-06-04 17:30:17,electricity,574.12
781,2025-06-04 17:30:17,gas,7.84
782,2025-06-04 17:30:22,electricity,85.73
783,2025-06-04 17:30:27,heat,243.13
783,2025-06-04 17:30:27,gas,53.54
784,2025-06-04 17:30:32,water,26.91
785,2025-06-04 17:30:37,gas,7.49
786,2025-06-04 17:30:42,electricity,599.05
787,2025-06-04 17:30:47,heat,48.41
790,2025-06-04 17:31:02,heat,214.05
791,2025-06-04 17:31:07,electricity,580.94
794,2025-06-04 17:31:22,gas,51.49
795,2025-06-04 17:31:27,electricity,597.07
795,2025-06-04 17:31:27,gas,58.5
796,2025-06-04 17:31:32,water,27.68
797,2025-06-04 17:31:37,water,4.82
797,2025-06-04 17:31:37,heat,215.65
799,2025-06-04 17:31:47,water,27.38
799,2025-06-04 17:31:47,gas,55.19
801,2025-06-04 17:31:57,water,23.55
801,2025-06-04 17:31:57,gas,59.5
802,2025-06-04 17:32:02,water,28.92
802,2025-06-04 17:32:02,gas,6.52
803,2025-06-04 17:32:07,water,24.03
804,2025-06-04 17:32:12,electricity,578.41
804,2025-06-04 17:32:12,water,4.03
805,2025-06-04 17:32:17,electricity,584.92
805,2025-06-04 17:32:17,gas,54.53
806,2025-06-04 17:32:22,electricity,501.72
807,2025-06-04 17:32:28,gas,9.59
808,2025-06-04 17:32:33,water,4.47
808,2025-06-04 17:32:33,gas,53.56
809,2025-06-04 17:32:38,gas,50.22
811,2025-06-04 17:32:48,water,22.66
813,2025-06-04 17:32:58,heat,228.09
814,2025-06-04 17:33:03,water,24.33
814,2025-06-04 17:33:03,gas,6.03
815,2025-06-04 17:33:08,water,22.09
817,2025-06-04 17:33:18,gas,57.93
818,2025-06-04 17:33:23,gas,54.43
819,2025-06-04 17:33:28,water,24.59
820,2025-06-04 17:33:33,water,20.1
820,2025-06-04 17:33:33,heat,231.94
821,2025-06-04 17:33:38,heat,233.19
823,2025-06-04 17:33:48,heat,201.69
823,2025-06-04 17:33:48,gas,5.93
824,2025-06-04 17:33:53,water,22.53
825,2025-06-04 17:33:58,electricity,90.05
825,2025-06-04 17:33:58,heat,209.61
826,2025-06-04 17:34:03,electricity,545.98
826,2025-06-04 17:34:03,gas,53.85
827,2025-06-04 17:34:08,heat,206.94
828,2025-06-04 17:34:13,water,4.78
828,2025-06-04 17:34:13,heat,220.44
828,2025-06-04 17:34:13,gas,7.9
831,2025-06-04 17:34:28,water,21.56
831,2025-06-04 17:34:28,gas,59.07
832,2025-06-04 17:34:33,water,4.48
832,2025-06-04 17:34:33,heat,46.59
834,2025-06-04 17:34:43,electricity,534.95
834,2025-06-04 17:34:43,gas,53.13
835,2025-06-04 17:34:48,water,3.54
838,2025-06-04 17:35:03,water,26.66
838,2025-06-04 17:35:03,heat,48.54
838,2025-06-04 17:35:03,gas,52.42
839,2025-06-04 17:35:08,heat,229.47
839,2025-06-04 17:35:08,gas,50.19
843,2025-06-04 17:35:28,gas,9.62
844,2025-06-04 17:35:33,electricity,561.49
844,2025-06-04 17:35:33,water,21.13
846,2025-06-04 17:35:43,water,20.11
846,2025-06-04 17:35:43,gas,59.64
847,2025-06-04 17:35:48,gas,5.38
848,2025-06-04 17:35:53,water,3.41
848,2025-06-04 17:35:53,heat,234.11
849,2025-06-04 17:35:58,water,28.67
849,2025-06-04 17:35:58,gas,53.7
853,2025-06-04 17:36:18,water,20.85
853,2025-06-04 17:36:18,heat,228.76
854,2025-06-04 17:36:23,water,25.71
854,2025-06-04 17:36:23,heat,226.34
855,2025-06-04 17:36:28,electricity,598.18
856,2025-06-04 17:36:33,electricity,545.85
856,2025-06-04 17:36:33,gas,51.84
859,2025-06-04 17:36:48,heat,200.29
860,2025-06-04 17:36:53,heat,218.38
862,2025-06-04 17:37:03,water,21.61
863,2025-06-04 17:37:08,electricity,551.87
864,2025-06-04 17:37:13,electricity,531.06
866,2025-06-04 17:37:23,water,25.9
867,2025-06-04 17:37:28,electricity,527.42
868,2025-06-04 17:37:33,heat,227.21
870,2025-06-04 17:37:43,gas,9.69
871,2025-06-04 17:37:48,water,28.58
871,2025-06-04 17:37:48,gas,50.02
872,2025-06-04 17:37:53,heat,247.51
873,2025-06-04 17:37:58,water,3.38
873,2025-06-04 17:37:58,gas,52.25
875,2025-06-04 17:38:08,electricity,500.69
875,2025-06-04 17:38:08,water,25.62
875,2025-06-04 17:38:08,gas,50.89
876,2025-06-04 17:38:13,electricity,579.64
877,2025-06-04 17:38:18,water,27.99
878,2025-06-04 17:38:23,water,27.57
879,2025-06-04 17:38:28,water,27.13
881,2025-06-04 17:38:38,water,28.14
882,2025-06-04 17:38:43,water,23.9
884,2025-06-04 17:38:53,gas,8.45
885,2025-06-04 17:38:58,heat,214.17
885,2025-06-04 17:38:58,gas,56.53
886,2025-06-04 17:39:03,water,29.65
886,2025-06-04 17:39:03,gas,6.79
887,2025-06-04 17:39:09,electricity,501.46
887,2025-06-04 17:39:09,water,21.37
888,2025-06-04 17:39:14,water,23.15
888,2025-06-04 17:39:14,heat,225.29
888,2025-06-04 17:39:14,gas,57.72
889,2025-06-04 17:39:19,water,22.2
890,2025-06-04 17:39:24,water,20.77
891,2025-06-04 17:39:29,water,20.24
892,2025-06-04 17:39:34,water,23.73
892,2025-06-04 17:39:34,heat,222.86
894,2025-06-04 17:39:44,electricity,521.66
896,2025-06-04 17:39:54,electricity,89.28
896,2025-06-04 17:39:54,heat,209.08
898,2025-06-04 17:40:04,water,25.94
899,2025-06-04 17:40:09,gas,52.06
900,2025-06-04 17:40:14,electricity,512.64
900,2025-06-04 17:40:14,water,20.86
900,2025-06-04 17:40:14,heat,214.56
901,2025-06-04 17:40:19,water,21.44
901,2025-06-04 17:40:19,gas,59.12
902,2025-06-04 17:40:24,heat,203.68
904,2025-06-04 17:40:34,water,29.97
904,2025-06-04 17:40:34,heat,230.73
905,2025-06-04 17:40:39,water,21.43
905,2025-06-04 17:40:39,heat,222.0
905,2025-06-04 17:40:39,gas,6.68
907,2025-06-04 17:40:49,electricity,87.29
907,2025-06-04 17:40:49,water,23.23
908,2025-06-04 17:40:54,electricity,520.73
908,2025-06-04 17:40:54,heat,216.88
909,2025-06-04 17:40:59,electricity,94.66
909,2025-06-04 17:40:59,heat,214.56
910,2025-06-04 17:41:04,water,4.79
911,2025-06-04 17:41:09,water,3.88
911,2025-06-04 17:41:09,gas,5.27
912,2025-06-04 17:41:14,water,23.45
913,2025-06-04 17:41:19,electricity,558.19
913,2025-06-04 17:41:19,water,27.47
913,2025-06-04 17:41:19,gas,5.57
915,2025-06-04 17:41:29,heat,202.08
917,2025-06-04 17:41:39,gas,57.04
918,2025-06-04 17:41:44,water,20.2
919,2025-06-04 17:41:49,heat,48.95
922,2025-06-04 17:42:04,water,28.01
923,2025-06-04 17:42:09,electricity,549.67
923,2025-06-04 17:42:09,water,22.31
924,2025-06-04 17:42:14,water,28.75
925,2025-06-04 17:42:19,water,24.96
925,2025-06-04 17:42:19,heat,200.31
927,2025-06-04 17:42:29,electricity,586.01
927,2025-06-04 17:42:29,water,24.44
928,2025-06-04 17:42:34,water,29.62
928,2025-06-04 17:42:34,heat,211.56
928,2025-06-04 17:42:34,gas,54.75
931,2025-06-04 17:42:49,heat,224.51
932,2025-06-04 17:42:54,water,23.7
933,2025-06-04 17:42:59,water,25.85
933,2025-06-04 17:42:59,heat,235.83
934,2025-06-04 17:43:04,heat,246.28
935,2025-06-04 17:43:09,gas,51.59
936,2025-06-04 17:43:14,electricity,555.67
936,2025-06-04 17:43:14,water,3.32
937,2025-06-04 17:43:19,electricity,521.28
937,2025-06-04 17:43:19,water,20.42
938,2025-06-04 17:43:24,electricity,586.62
939,2025-06-04 17:43:29,gas,54.49
941,2025-06-04 17:43:39,water,20.85
942,2025-06-04 17:43:44,gas,8.73
943,2025-06-04 17:43:49,electricity,82.61
943,2025-06-04 17:43:49,gas,6.69
944,2025-06-04 17:43:54,water,24.21
944,2025-06-04 17:43:54,heat,43.83
945,2025-06-04 17:43:59,heat,229.23
946,2025-06-04 17:44:04,water,20.16
947,2025-06-04 17:44:09,water,26.29
947,2025-06-04 17:44:09,heat,49.73
948,2025-06-04 17:44:14,electricity,516.05
948,2025-06-04 17:44:14,gas,53.97
949,2025-06-04 17:44:19,water,20.75
950,2025-06-04 17:44:24,electricity,92.38
950,2025-06-04 17:44:24,water,22.69
951,2025-06-04 17:44:29,electricity,560.02
951,2025-06-04 17:44:29,water,27.52
952,2025-06-04 17:44:34,water,27.42
952,2025-06-04 17:44:34,heat,216.27
952,2025-06-04 17:44:34,gas,6.6
954,2025-06-04 17:44:44,electricity,84.34
954,2025-06-04 17:44:44,water,26.92
954,2025-06-04 17:44:44,gas,9.06
955,2025-06-04 17:44:49,gas,52.94
957,2025-06-04 17:44:59,water,3.2
958,2025-06-04 17:45:04,gas,53.91
959,2025-06-04 17:45:09,water,28.43
959,2025-06-04 17:45:09,heat,41.78
960,2025-06-04 17:45:14,water,22.37
961,2025-06-04 17:45:20,water,21.92
962,2025-06-04 17:45:25,water,29.04
963,2025-06-04 17:45:30,electricity,504.86
964,2025-06-04 17:45:35,electricity,508.68
964,2025-06-04 17:45:35,heat,231.36
967,2025-06-04 17:45:50,electricity,514.26
967,2025-06-04 17:45:50,gas,8.77
968,2025-06-04 17:45:55,water,27.62
968,2025-06-04 17:45:55,gas,5.75
969,2025-06-04 17:46:00,heat,234.51
970,2025-06-04 17:46:05,water,27.05
971,2025-06-04 17:46:10,heat,229.13
974,2025-06-04 17:46:25,water,27.81
974,2025-06-04 17:46:25,heat,214.34
975,2025-06-04 17:46:30,heat,234.41
975,2025-06-04 17:46:30,gas,53.44
976,2025-06-04 17:46:35,electricity,599.93
976,2025-06-04 17:46:35,heat,238.58
976,2025-06-04 17:46:35,gas,58.97
977,2025-06-04 17:46:40,electricity,563.29
977,2025-06-04 17:46:40,water,21.49
977,2025-06-04 17:46:40,heat,230.44
978,2025-06-04 17:46:45,heat,231.64
978,2025-06-04 17:46:45,gas,58.07
979,2025-06-04 17:46:50,heat,248.01
980,2025-06-04 17:46:55,electricity,566.87
980,2025-06-04 17:46:55,gas,55.27
981,2025-06-04 17:47:00,water,23.37
982,2025-06-04 17:47:05,water,27.9
982,2025-06-04 17:47:05,gas,56.13
984,2025-06-04 17:47:15,water,3.03
984,2025-06-04 17:47:15,heat,229.55
985,2025-06-04 17:47:20,water,28.21
985,2025-06-04 17:47:20,heat,225.34
986,2025-06-04 17:47:25,water,23.35
987,2025-06-04 17:47:30,water,27.58
988,2025-06-04 17:47:35,heat,241.0
988,2025-06-04 17:47:35,gas,9.32
989,2025-06-04 17:47:40,heat,211.75
990,2025-06-04 17:47:45,electricity,502.8
990,2025-06-04 17:47:45,water,27.72
993,2025-06-04 17:48:00,water,24.13
993,2025-06-04 17:48:00,heat,225.67
997,2025-06-04 17:48:20,water,29.83
997,2025-06-04 17:48:20,heat,40.56
998,2025-06-04 17:48:25,water,4.99
998,2025-06-04 17:48:25,heat,241.62
999,2025-06-04 17:48:30,heat,202.62
1000,2025-06-04 17:48:35,water,21.58
1000,2025-06-04 17:48:35,gas,52.34
1001,2025-06-04 17:48:40,heat,215.01
1002,2025-06-04 17:48:45,water,3.66
1003,2025-06-04 17:48:50,heat,249.91
1003,2025-06-04 17:48:50,gas,52.21
1004,2025-06-04 17:48:55,water,24.9
1005,2025-06-04 17:49:00,water,28.17
1006,2025-06-04 17:49:05,water,24.62
1006,2025-06-04 17:49:05,heat,234.47
1008,2025-06-04 17:49:15,electricity,554.11
1008,2025-06-04 17:49:15,heat,42.09
1010,2025-06-04 17:49:25,gas,9.31
1011,2025-06-04 17:49:30,water,26.4
1012,2025-06-04 17:49:35,water,27.36
1012,2025-06-04 17:49:35,gas,9.01
1013,2025-06-04 17:49:40,water,24.55
1013,2025-06-04 17:49:40,heat,223.14
1013,2025-06-04 17:49:40,gas,8.28
1014,2025-06-04 17:49:45,electricity,592.22
1014,2025-06-04 17:49:45,gas,56.16
1020,2025-06-04 17:50:15,water,21.34
1020,2025-06-04 17:50:15,heat,228.25
1021,2025-06-04 17:50:20,gas,54.35
1022,2025-06-04 17:50:25,electricity,510.83
1022,2025-06-04 17:50:25,water,3.35
1023,2025-06-04 17:50:30,electricity,554.83
1024,2025-06-04 17:50:35,heat,241.61
1025,2025-06-04 17:50:40,electricity,531.14
1025,2025-06-04 17:50:40,gas,59.37
1026,2025-06-04 17:50:45,heat,232.99
1027,2025-06-04 17:50:50,water,4.64
1028,2025-06-04 17:50:55,gas,58.47
1029,2025-06-04 17:51:00,heat,47.36
1030,2025-06-04 17:51:05,water,25.44
1031,2025-06-04 17:51:10,water,26.63
1031,2025-06-04 17:51:10,heat,230.86
1032,2025-06-04 17:51:15,electricity,91.86
1032,2025-06-04 17:51:15,water,26.06
1032,2025-06-04 17:51:15,gas,52.38
1033,2025-06-04 17:51:21,water,28.58
1033,2025-06-04 17:51:21,gas,56.24
1034,2025-06-04 17:51:26,water,4.73
1035,2025-06-04 17:51:31,water,28.29
1036,2025-06-04 17:51:36,water,26.51
1037,2025-06-04 17:51:41,water,28.29
1038,2025-06-04 17:51:46,electricity,92.17
1038,2025-06-04 17:51:46,water,25.38
1039,2025-06-04 17:51:51,electricity,555.99
1041,2025-06-04 17:52:01,water,25.5
1041,2025-06-04 17:52:01,heat,227.31
1042,2025-06-04 17:52:06,water,21.15
1043,2025-06-04 17:52:11,water,25.84
1044,2025-06-04 17:52:16,electricity,508.69
1046,2025-06-04 17:52:26,electricity,545.24
1046,2025-06-04 17:52:26,water,27.12
1046,2025-06-04 17:52:26,gas,5.47
1047,2025-06-04 17:52:31,water,28.91
1047,2025-06-04 17:52:31,heat,239.46
1048,2025-06-04 17:52:36,electricity,80.6
1048,2025-06-04 17:52:36,heat,213.3
1049,2025-06-04 17:52:41,electricity,88.53
1050,2025-06-04 17:52:46,heat,201.58
1051,2025-06-04 17:52:51,water,25.94
1051,2025-06-04 17:52:51,gas,50.86
1052,2025-06-04 17:52:56,electricity,80.94
1052,2025-06-04 17:52:56,water,27.55
1053,2025-06-04 17:53:01,heat,218.43
1054,2025-06-04 17:53:06,electricity,591.21
1054,2025-06-04 17:53:06,water,24.89
1054,2025-06-04 17:53:06,gas,54.18
1055,2025-06-04 17:53:11,water,3.02
1055,2025-06-04 17:53:11,heat,225.71
1056,2025-06-04 17:53:16,gas,6.93
1057,2025-06-04 17:53:21,heat,207.47
1057,2025-06-04 17:53:21,gas,59.06
1058,2025-06-04 17:53:26,electricity,500.23
1058,2025-06-04 17:53:26,water,26.48
1059,2025-06-04 17:53:31,electricity,80.74
1060,2025-06-04 17:53:36,heat,248.65
1062,2025-06-04 17:53:46,heat,230.74
1064,2025-06-04 17:53:56,water,20.02
1065,2025-06-04 17:54:01,heat,210.97
1066,2025-06-04 17:54:06,electricity,521.12
1067,2025-06-04 17:54:11,heat,240.96
1067,2025-06-04 17:54:11,gas,9.64
1068,2025-06-04 17:54:16,electricity,533.25
1068,2025-06-04 17:54:16,water,21.23
1068,2025-06-04 17:54:16,gas,6.8
1070,2025-06-04 17:54:26,gas,50.62
1072,2025-06-04 17:54:36,water,24.46
1072,2025-06-04 17:54:36,gas,59.78
1074,2025-06-04 17:54:46,heat,222.38
1076,2025-06-04 17:54:56,heat,209.95
1077,2025-06-04 17:55:01,electricity,575.12
1078,2025-06-04 17:55:06,water,28.47
1079,2025-06-04 17:55:11,heat,41.51
1080,2025-06-04 17:55:16,water,28.18
1080,2025-06-04 17:55:16,heat,224.17
1081,2025-06-04 17:55:21,water,24.48
1085,2025-06-04 17:55:41,water,27.32
1085,2025-06-04 17:55:41,heat,234.1
1086,2025-06-04 17:55:46,heat,208.87
1087,2025-06-04 17:55:51,heat,46.95
1089,2025-06-04 17:56:01,electricity,96.48
1090,2025-06-04 17:56:06,electricity,91.48
1090,2025-06-04 17:56:06,gas,53.0
1091,2025-06-04 17:56:11,water,29.94
1092,2025-06-04 17:56:16,heat,228.62
1093,2025-06-04 17:56:21,electricity,580.72
1093,2025-06-04 17:56:21,heat,235.74
1095,2025-06-04 17:56:31,water,21.21
1096,2025-06-04 17:56:36,water,27.83
1097,2025-06-04 17:56:41,water,3.87
1098,2025-06-04 17:56:46,electricity,598.93
1098,2025-06-04 17:56:46,water,29.44
1099,2025-06-04 17:56:51,water,27.42
1100,2025-06-04 17:56:56,heat,241.78
1100,2025-06-04 17:56:56,gas,9.83
1101,2025-06-04 17:57:02,electricity,517.09
1102,2025-06-04 17:57:07,electricity,531.48
1102,2025-06-04 17:57:07,heat,231.62
1104,2025-06-04 17:57:17,electricity,578.14
1104,2025-06-04 17:57:17,heat,249.77
1105,2025-06-04 17:57:22,gas,6.94
1107,2025-06-04 17:57:32,heat,238.3
1108,2025-06-04 17:57:37,gas,52.91
1109,2025-06-04 17:57:42,water,20.32
1109,2025-06-04 17:57:42,gas,52.2
1111,2025-06-04 17:57:52,heat,207.09
1112,2025-06-04 17:57:57,gas,55.42
1113,2025-06-04 17:58:02,water,26.65
1114,2025-06-04 17:58:07,water,3.92
1115,2025-06-04 17:58:12,water,29.33
1115,2025-06-04 17:58:12,heat,212.23
1116,2025-06-04 17:58:17,heat,241.8
1117,2025-06-04 17:58:22,heat,210.19
1118,2025-06-04 17:58:27,water,26.59
1118,2025-06-04 17:58:27,heat,47.19
1118,2025-06-04 17:58:27,gas,52.03
1119,2025-06-04 17:58:32,water,4.32
1120,2025-06-04 17:58:37,electricity,548.23
1120,2025-06-04 17:58:37,heat,48.76
1121,2025-06-04 17:58:42,water,24.22
1121,2025-06-04 17:58:42,heat,41.45
1122,2025-06-04 17:58:47,water,24.1
1123,2025-06-04 17:58:52,water,23.99
1123,2025-06-04 17:58:52,heat,243.83
1126,2025-06-04 17:59:07,heat,238.44
1126,2025-06-04 17:59:07,gas,5.12
1127,2025-06-04 17:59:12,water,20.53
1127,2025-06-04 17:59:12,gas,51.06
1128,2025-06-04 17:59:17,water,22.81
1129,2025-06-04 17:59:22,gas,54.27
1130,2025-06-04 17:59:27,gas,6.43
1131,2025-06-04 17:59:32,water,24.74
1132,2025-06-04 17:59:37,heat,242.24
1133,2025-06-04 17:59:42,electricity,572.38
1133,2025-06-04 17:59:42,gas,56.35
1135,2025-06-04 17:59:52,electricity,94.63
1135,2025-06-04 17:59:52,gas,55.33
1136,2025-06-04 17:59:57,electricity,572.29
1137,2025-06-04 18:00:02,water,28.77
1137,2025-06-04 18:00:02,heat,248.96
1138,2025-06-04 18:00:07,electricity,580.17
1138,2025-06-04 18:00:07,water,25.23
1138,2025-06-04 18:00:07,heat,215.3
1138,2025-06-04 18:00:07,gas,8.69
1139,2025-06-04 18:00:12,electricity,549.65
1139,2025-06-04 18:00:12,water,3.21
1139,2025-06-04 18:00:12,heat,243.88
1139,2025-06-04 18:00:12,gas,6.52
1141,2025-06-04 18:00:22,water,20.35
1141,2025-06-04 18:00:22,heat,206.51
1142,2025-06-04 18:00:27,water,22.51
1143,2025-06-04 18:00:32,electricity,572.59
1143,2025-06-04 18:00:32,water,21.86
1145,2025-06-04 18:00:42,water,21.89
1146,2025-06-04 18:00:47,electricity,89.51
1147,2025-06-04 18:00:52,electricity,580.94
1148,2025-06-04 18:00:57,water,25.27
1150,2025-06-04 18:01:07,heat,247.99
1151,2025-06-04 18:01:12,water,3.95
1153,2025-06-04 18:01:22,electricity,87.91
1153,2025-06-04 18:01:22,gas,51.43
1154,2025-06-04 18:01:27,water,28.3
1154,2025-06-04 18:01:27,gas,9.48
1155,2025-06-04 18:01:32,water,25.16
1156,2025-06-04 18:01:37,water,28.5
1158,2025-06-04 18:01:47,water,25.83
1158,2025-06-04 18:01:47,gas,53.79
1160,2025-06-04 18:01:57,electricity,534.68
1160,2025-06-04 18:01:57,water,4.64
1161,2025-06-04 18:02:02,water,21.15
1162,2025-06-04 18:02:07,electricity,543.18
1162,2025-06-04 18:02:07,water,27.44
1163,2025-06-04 18:02:12,water,20.82
1164,2025-06-04 18:02:17,water,23.94
1164,2025-06-04 18:02:17,heat,235.25
1165,2025-06-04 18:02:22,water,23.21
1166,2025-06-04 18:02:27,water,4.63
1166,2025-06-04 18:02:27,heat,244.88
1167,2025-06-04 18:02:32,water,28.01
1168,2025-06-04 18:02:37,water,27.19
1168,2025-06-04 18:02:37,heat,233.07
1169,2025-06-04 18:02:42,heat,226.86
1175,2025-06-04 18:03:12,water,4.71
1175,2025-06-04 18:03:12,heat,246.59
1177,2025-06-04 18:03:22,electricity,556.44
1177,2025-06-04 18:03:22,water,21.25
1177,2025-06-04 18:03:22,heat,233.16
1179,2025-06-04 18:03:33,gas,55.33
1181,2025-06-04 18:03:43,water,20.35
1181,2025-06-04 18:03:43,heat,245.83
1181,2025-06-04 18:03:43,gas,53.06
1182,2025-06-04 18:03:48,electricity,582.34
1183,2025-06-04 18:03:53,electricity,563.73
1183,2025-06-04 18:03:53,water,24.19
1183,2025-06-04 18:03:53,heat,226.44
1184,2025-06-04 18:03:58,water,22.73
1184,2025-06-04 18:03:58,heat,232.17
1186,2025-06-04 18:04:08,electricity,541.02
1186,2025-06-04 18:04:08,heat,222.45
1188,2025-06-04 18:04:18,water,24.66
1188,2025-06-04 18:04:18,heat,233.71
1189,2025-06-04 18:04:23,electricity,573.04
1189,2025-06-04 18:04:23,water,23.06
1189,2025-06-04 18:04:23,heat,213.8
1190,2025-06-04 18:04:28,electricity,554.48
1190,2025-06-04 18:04:28,heat,243.74
1191,2025-06-04 18:04:33,water,28.38
1191,2025-06-04 18:04:33,heat,210.93
1193,2025-06-04 18:04:43,water,28.28
1193,2025-06-04 18:04:43,gas,7.7
1194,2025-06-04 18:04:48,electricity,559.34
1195,2025-06-04 18:04:53,electricity,544.5
1195,2025-06-04 18:04:53,water,29.41
1195,2025-06-04 18:04:53,heat,217.31
1197,2025-06-04 18:05:03,water,29.94
1198,2025-06-04 18:05:08,electricity,535.19
1199,2025-06-04 18:05:13,electricity,568.67
1200,2025-06-04 18:05:18,water,25.77
1201,2025-06-04 18:05:23,water,4.05
1201,2025-06-04 18:05:23,gas,7.38
1202,2025-06-04 18:05:28,electricity,587.05
1202,2025-06-04 18:05:28,heat,202.02
1203,2025-06-04 18:05:33,gas,6.72
1204,2025-06-04 18:05:38,water,22.45
1205,2025-06-04 18:05:43,electricity,84.79
1205,2025-06-04 18:05:43,water,22.28
1206,2025-06-04 18:05:48,heat,221.53
1206,2025-06-04 18:05:48,gas,50.13
1207,2025-06-04 18:05:53,water,27.16
1208,2025-06-04 18:05:58,electricity,588.69
1208,2025-06-04 18:05:58,heat,228.46
1209,2025-06-04 18:06:03,water,23.39
1209,2025-06-04 18:06:03,gas,53.87
1210,2025-06-04 18:06:08,water,21.95
1210,2025-06-04 18:06:08,heat,202.3
1212,2025-06-04 18:06:18,electricity,580.52
1212,2025-06-04 18:06:18,gas,57.57
1213,2025-06-04 18:06:23,electricity,524.98
1214,2025-06-04 18:06:28,heat,206.96
1215,2025-06-04 18:06:33,electricity,506.34
1215,2025-06-04 18:06:33,heat,234.74
1216,2025-06-04 18:06:38,electricity,599.85
1216,2025-06-04 18:06:38,water,21.69
1216,2025-06-04 18:06:38,heat,219.89
1217,2025-06-04 18:06:43,electricity,579.74
1217,2025-06-04 18:06:43,water,27.78
1218,2025-06-04 18:06:48,water,24.81
1219,2025-06-04 18:06:53,water,28.46
1220,2025-06-04 18:06:58,gas,55.67
1221,2025-06-04 18:07:03,water,29.73
1224,2025-06-04 18:07:18,water,21.7
1224,2025-06-04 18:07:18,heat,211.97
1224,2025-06-04 18:07:18,gas,56.82
1227,2025-06-04 18:07:33,electricity,501.88
1228,2025-06-04 18:07:38,water,23.31
1228,2025-06-04 18:07:38,heat,231.67
1229,2025-06-04 18:07:43,water,3.26
1230,2025-06-04 18:07:48,heat,206.7
1230,2025-06-04 18:07:48,gas,51.72
1231,2025-06-04 18:07:53,water,25.62
1231,2025-06-04 18:07:53,heat,41.68
1232,2025-06-04 18:07:58,gas,54.0
1233,2025-06-04 18:08:03,electricity,531.07
1233,2025-06-04 18:08:03,gas,5.99
1234,2025-06-04 18:08:08,heat,236.18
1235,2025-06-04 18:08:13,electricity,514.25
1235,2025-06-04 18:08:13,gas,50.98
1236,2025-06-04 18:08:18,water,26.49
1236,2025-06-04 18:08:18,heat,47.18
1237,2025-06-04 18:08:23,electricity,519.13
1237,2025-06-04 18:08:23,heat,48.15
1238,2025-06-04 18:08:28,water,21.24
1239,2025-06-04 18:08:33,electricity,544.94
1239,2025-06-04 18:08:33,gas,9.0
1240,2025-06-04 18:08:38,water,3.19
1240,2025-06-04 18:08:38,heat,237.47
1240,2025-06-04 18:08:38,gas,9.77
1241,2025-06-04 18:08:43,electricity,585.44
1242,2025-06-04 18:08:48,water,29.79
1243,2025-06-04 18:08:53,heat,233.04
1244,2025-06-04 18:08:58,water,21.8
1245,2025-06-04 18:09:03,heat,213.0
1246,2025-06-04 18:09:09,water,26.28
1247,2025-06-04 18:09:14,electricity,584.58
1247,2025-06-04 18:09:14,heat,226.87
1248,2025-06-04 18:09:19,water,29.77
1249,2025-06-04 18:09:24,water,23.3
1249,2025-06-04 18:09:24,heat,228.16
1249,2025-06-04 18:09:24,gas,59.37
1251,2025-06-04 18:09:34,electricity,501.43
1251,2025-06-04 18:09:34,water,21.86
1252,2025-06-04 18:09:39,electricity,84.64
1252,2025-06-04 18:09:39,heat,239.69
1253,2025-06-04 18:09:44,electricity,500.77
1253,2025-06-04 18:09:44,heat,222.77
1254,2025-06-04 18:09:49,water,27.17
1254,2025-06-04 18:09:49,heat,244.58
1255,2025-06-04 18:09:54,electricity,527.97
1255,2025-06-04 18:09:54,water,21.2
1256,2025-06-04 18:09:59,electricity,518.57
1256,2025-06-04 18:09:59,heat,219.84
1258,2025-06-04 18:10:09,water,22.91
1262,2025-06-04 18:10:29,water,25.42
1262,2025-06-04 18:10:29,gas,51.09
1263,2025-06-04 18:10:34,heat,245.47
1264,2025-06-04 18:10:39,electricity,561.05
1264,2025-06-04 18:10:39,water,24.6
1265,2025-06-04 18:10:44,water,29.57
1267,2025-06-04 18:10:54,gas,50.61
1268,2025-06-04 18:10:59,electricity,525.48
1268,2025-06-04 18:10:59,water,20.37
1270,2025-06-04 18:11:09,gas,54.7
1271,2025-06-04 18:11:14,water,25.12
1272,2025-06-04 18:11:19,gas,55.09
1273,2025-06-04 18:11:24,water,29.04
1274,2025-06-04 18:11:29,electricity,597.97
1274,2025-06-04 18:11:29,gas,9.43
1275,2025-06-04 18:11:34,water,20.77
1276,2025-06-04 18:11:39,water,4.81
1277,2025-06-04 18:11:44,water,22.47
1278,2025-06-04 18:11:49,electricity,586.86
1278,2025-06-04 18:11:49,water,25.33
1278,2025-06-04 18:11:49,gas,51.32
1279,2025-06-04 18:11:54,electricity,534.78
1279,2025-06-04 18:11:54,water,26.94
1280,2025-06-04 18:11:59,heat,227.26
1282,2025-06-04 18:12:09,water,29.08
1283,2025-06-04 18:12:14,gas,55.38
1284,2025-06-04 18:12:19,heat,207.6
1285,2025-06-04 18:12:24,water,21.5
1285,2025-06-04 18:12:24,heat,237.05
1285,2025-06-04 18:12:24,gas,54.34
1286,2025-06-04 18:12:29,water,20.77
1286,2025-06-04 18:12:29,gas,8.36
1287,2025-06-04 18:12:34,water,24.9
1288,2025-06-04 18:12:39,water,25.57
1288,2025-06-04 18:12:39,heat,234.19
1289,2025-06-04 18:12:44,water,26.81
1290,2025-06-04 18:12:49,water,25.92
1291,2025-06-04 18:12:54,water,28.9
1291,2025-06-04 18:12:54,heat,204.25
1291,2025-06-04 18:12:54,gas,56.08
1292,2025-06-04 18:12:59,electricity,541.57
1294,2025-06-04 18:13:09,gas,52.22
1295,2025-06-04 18:13:14,electricity,84.84
1295,2025-06-04 18:13:14,water,28.03
1295,2025-06-04 18:13:14,heat,214.41
1296,2025-06-04 18:13:19,electricity,84.02
1296,2025-06-04 18:13:19,gas,9.15
1297,2025-06-04 18:13:24,water,26.72
1297,2025-06-04 18:13:24,gas,56.93
1298,2025-06-04 18:13:29,electricity,520.81
1299,2025-06-04 18:13:34,water,20.4
1299,2025-06-04 18:13:34,gas,6.1
1300,2025-06-04 18:13:39,electricity,530.33
1300,2025-06-04 18:13:39,water,22.9
1301,2025-06-04 18:13:44,water,24.75
1301,2025-06-04 18:13:44,heat,239.79
1301,2025-06-04 18:13:44,gas,57.52
1302,2025-06-04 18:13:49,heat,46.35
1302,2025-06-04 18:13:49,gas,5.6
1304,2025-06-04 18:13:59,electricity,570.0
1305,2025-06-04 18:14:04,electricity,509.35
1305,2025-06-04 18:14:04,water,23.32
1305,2025-06-04 18:14:04,gas,56.74
1306,2025-06-04 18:14:09,electricity,593.23
1307,2025-06-04 18:14:14,water,22.82
1308,2025-06-04 18:14:19,water,3.29
1308,2025-06-04 18:14:19,gas,50.13
1309,2025-06-04 18:14:24,heat,224.0
1310,2025-06-04 18:14:30,gas,57.1
1313,2025-06-04 18:14:45,heat,237.5
1314,2025-06-04 18:14:50,electricity,93.37
1314,2025-06-04 18:14:50,gas,54.05
1315,2025-06-04 18:14:55,heat,231.33
1318,2025-06-04 18:15:10,water,23.35
1318,2025-06-04 18:15:10,heat,44.24
1318,2025-06-04 18:15:10,gas,54.37
1320,2025-06-04 18:15:20,water,4.88
1320,2025-06-04 18:15:20,heat,226.22
1322,2025-06-04 18:15:30,electricity,91.69
1322,2025-06-04 18:15:30,water,29.31
1323,2025-06-04 18:15:35,water,23.64
1324,2025-06-04 18:15:40,electricity,527.88
1324,2025-06-04 18:15:40,water,21.58
1325,2025-06-04 18:15:45,water,26.18
1325,2025-06-04 18:15:45,gas,6.62
1326,2025-06-04 18:15:50,water,4.29
1327,2025-06-04 18:15:55,electricity,562.71
1327,2025-06-04 18:15:55,water,26.23
1331,2025-06-04 18:16:15,water,20.5
1331,2025-06-04 18:16:15,gas,59.26
1332,2025-06-04 18:16:20,gas,9.31
1333,2025-06-04 18:16:25,water,24.57
1333,2025-06-04 18:16:25,gas,51.89
1334,2025-06-04 18:16:30,heat,236.48
1334,2025-06-04 18:16:30,gas,53.85
1336,2025-06-04 18:16:40,water,27.39
1336,2025-06-04 18:16:40,heat,41.86
1337,2025-06-04 18:16:45,water,22.49
1339,2025-06-04 18:16:55,electricity,563.59
1339,2025-06-04 18:16:55,water,20.47
1339,2025-06-04 18:16:55,heat,42.88
1339,2025-06-04 18:16:55,gas,57.24
1340,2025-06-04 18:17:00,electricity,96.59
1340,2025-06-04 18:17:00,gas,57.14
1342,2025-06-04 18:17:10,water,20.66
1344,2025-06-04 18:17:20,water,21.52
1344,2025-06-04 18:17:20,gas,51.04
1347,2025-06-04 18:17:35,gas,57.33
1348,2025-06-04 18:17:40,heat,241.78
1349,2025-06-04 18:17:45,electricity,568.16
1349,2025-06-04 18:17:45,water,27.62
1350,2025-06-04 18:17:50,water,21.0
1350,2025-06-04 18:17:50,gas,59.58
1351,2025-06-04 18:17:55,electricity,507.69
1351,2025-06-04 18:17:55,heat,220.24
1351,2025-06-04 18:17:55,gas,55.83
1352,2025-06-04 18:18:00,water,26.8
1353,2025-06-04 18:18:05,gas,55.83
1354,2025-06-04 18:18:10,electricity,554.86
1354,2025-06-04 18:18:10,water,29.86
1355,2025-06-04 18:18:15,water,20.04
1355,2025-06-04 18:18:15,heat,237.99
1357,2025-06-04 18:18:25,heat,226.66
1358,2025-06-04 18:18:30,heat,41.55
1358,2025-06-04 18:18:30,gas,59.47
1359,2025-06-04 18:18:35,electricity,596.41
1359,2025-06-04 18:18:35,heat,48.47
1360,2025-06-04 18:18:40,heat,201.35
1361,2025-06-04 18:18:45,water,29.76
1362,2025-06-04 18:18:50,water,24.52
1362,2025-06-04 18:18:50,heat,213.06
1363,2025-06-04 18:18:55,electricity,519.02
1363,2025-06-04 18:18:55,gas,52.22
1364,2025-06-04 18:19:00,water,20.94
1364,2025-06-04 18:19:00,heat,200.13
1365,2025-06-04 18:19:05,electricity,508.95
1365,2025-06-04 18:19:05,gas,59.24
1366,2025-06-04 18:19:10,water,24.01
1366,2025-06-04 18:19:10,gas,57.98
1368,2025-06-04 18:19:20,water,29.48
1369,2025-06-04 18:19:25,water,3.77
1369,2025-06-04 18:19:25,gas,9.98
1370,2025-06-04 18:19:30,heat,49.88
1371,2025-06-04 18:19:35,water,25.98
1371,2025-06-04 18:19:35,gas,8.56
1372,2025-06-04 18:19:40,electricity,591.41
1373,2025-06-04 18:19:45,heat,44.43
1374,2025-06-04 18:19:50,heat,236.9
1374,2025-06-04 18:19:50,gas,8.36
1378,2025-06-04 18:20:10,electricity,80.85
1378,2025-06-04 18:20:10,water,24.14
1378,2025-06-04 18:20:10,heat,230.45
1378,2025-06-04 18:20:10,gas,57.93
1379,2025-06-04 18:20:15,water,28.14
1380,2025-06-04 18:20:20,electricity,84.97
1380,2025-06-04 18:20:20,water,25.3
1381,2025-06-04 18:20:25,water,4.09
1381,2025-06-04 18:20:25,heat,200.83
1383,2025-06-04 18:20:35,heat,43.43
1383,2025-06-04 18:20:35,gas,52.5
1384,2025-06-04 18:20:41,water,24.6
1389,2025-06-04 18:21:06,water,27.93
1390,2025-06-04 18:21:11,water,28.35
1391,2025-06-04 18:21:16,electricity,93.7
1391,2025-06-04 18:21:16,water,4.67
1391,2025-06-04 18:21:16,heat,249.84
1392,2025-06-04 18:21:21,water,25.1
1393,2025-06-04 18:21:26,gas,5.59
1394,2025-06-04 18:21:31,electricity,531.16
1394,2025-06-04 18:21:31,water,3.41
1394,2025-06-04 18:21:31,heat,249.75
1395,2025-06-04 18:21:36,water,22.53
1397,2025-06-04 18:21:46,water,23.16
1397,2025-06-04 18:21:46,gas,5.95
1398,2025-06-04 18:21:51,electricity,552.66
1398,2025-06-04 18:21:51,gas,8.33
1400,2025-06-04 18:22:01,water,28.61
1400,2025-06-04 18:22:01,gas,9.3
1402,2025-06-04 18:22:11,water,21.89
1402,2025-06-04 18:22:11,heat,222.95
1404,2025-06-04 18:22:21,heat,215.02
1406,2025-06-04 18:22:31,water,4.49
1407,2025-06-04 18:22:36,electricity,521.51
1407,2025-06-04 18:22:36,heat,216.93
1408,2025-06-04 18:22:41,electricity,589.92
1408,2025-06-04 18:22:41,heat,206.55
1409,2025-06-04 18:22:46,gas,51.5
1410,2025-06-04 18:22:51,water,24.69
1410,2025-06-04 18:22:51,gas,59.55
1412,2025-06-04 18:23:01,water,28.03
1414,2025-06-04 18:23:11,water,29.2
1415,2025-06-04 18:23:16,gas,50.31
1418,2025-06-04 18:23:31,electricity,90.01
1418,2025-06-04 18:23:31,water,21.09
1418,2025-06-04 18:23:31,heat,224.33
1419,2025-06-04 18:23:36,water,28.17
1419,2025-06-04 18:23:36,heat,222.66
1420,2025-06-04 18:23:41,heat,247.01
1421,2025-06-04 18:23:46,water,29.43
1421,2025-06-04 18:23:46,gas,7.59
1422,2025-06-04 18:23:51,water,24.74
1422,2025-06-04 18:23:51,heat,232.46
1422,2025-06-04 18:23:51,gas,52.7
1423,2025-06-04 18:23:56,electricity,98.27
1424,2025-06-04 18:24:01,water,24.15
1427,2025-06-04 18:24:16,electricity,544.72
1427,2025-06-04 18:24:16,heat,233.79
1429,2025-06-04 18:24:26,electricity,500.22
1429,2025-06-04 18:24:26,water,27.83
1429,2025-06-04 18:24:26,heat,49.15
1431,2025-06-04 18:24:36,water,25.08
1432,2025-06-04 18:24:41,water,29.39
1434,2025-06-04 18:24:51,gas,58.62
1435,2025-06-04 18:24:56,gas,53.61
1436,2025-06-04 18:25:01,water,21.0
1437,2025-06-04 18:25:06,gas,7.5
1438,2025-06-04 18:25:11,water,29.03
1439,2025-06-04 18:25:16,gas,8.01
1440,2025-06-04 18:25:21,heat,238.89
1442,2025-06-04 18:25:31,heat,206.31
1443,2025-06-04 18:25:36,water,22.32
1444,2025-06-04 18:25:41,water,28.02
1444,2025-06-04 18:25:41,heat,205.4
1445,2025-06-04 18:25:46,electricity,580.28
1446,2025-06-04 18:25:51,water,20.91
1449,2025-06-04 18:26:06,water,22.72
1450,2025-06-04 18:26:11,heat,238.59
1450,2025-06-04 18:26:11,gas,9.36
1451,2025-06-04 18:26:16,heat,245.27
1452,2025-06-04 18:26:21,water,21.55
1453,2025-06-04 18:26:26,water,26.79
1454,2025-06-04 18:26:31,heat,48.38
1455,2025-06-04 18:26:36,water,24.87
1455,2025-06-04 18:26:36,heat,47.2
1457,2025-06-04 18:26:46,water,26.76
1459,2025-06-04 18:26:56,water,21.25
1460,2025-06-04 18:27:01,water,24.82
1460,2025-06-04 18:27:01,heat,229.52
1461,2025-06-04 18:27:06,gas,59.48
1462,2025-06-04 18:27:11,electricity,574.9
1462,2025-06-04 18:27:11,heat,215.45
1463,2025-06-04 18:27:17,electricity,545.68
1463,2025-06-04 18:27:17,water,3.27
1463,2025-06-04 18:27:17,heat,224.74
1464,2025-06-04 18:27:22,electricity,524.64
1464,2025-06-04 18:27:22,water,23.11
1465,2025-06-04 18:27:27,water,28.91
1466,2025-06-04 18:27:32,water,21.43
1467,2025-06-04 18:27:37,water,26.15
1468,2025-06-04 18:27:42,electricity,500.21
1468,2025-06-04 18:27:42,water,24.62
1468,2025-06-04 18:27:42,heat,243.76
1469,2025-06-04 18:27:47,electricity,593.48
1470,2025-06-04 18:27:52,water,4.29
1472,2025-06-04 18:28:02,water,23.07
1474,2025-06-04 18:28:12,water,24.9
1474,2025-06-04 18:28:12,heat,209.66
1474,2025-06-04 18:28:12,gas,55.33
1475,2025-06-04 18:28:17,water,28.45
1475,2025-06-04 18:28:17,gas,52.73
1477,2025-06-04 18:28:27,water,29.22
1477,2025-06-04 18:28:27,gas,53.89
1478,2025-06-04 18:28:32,electricity,509.24
1478,2025-06-04 18:28:32,water,27.16
1479,2025-06-04 18:28:37,heat,223.37
1480,2025-06-04 18:28:42,water,3.0
1480,2025-06-04 18:28:42,heat,44.43
1481,2025-06-04 18:28:47,heat,242.9
1481,2025-06-04 18:28:47,gas,6.22
1483,2025-06-04 18:28:57,water,29.67
1483,2025-06-04 18:28:57,heat,219.38
1484,2025-06-04 18:29:02,water,20.32
1484,2025-06-04 18:29:02,gas,6.77
1486,2025-06-04 18:29:12,water,3.53
1487,2025-06-04 18:29:17,water,29.09
1488,2025-06-04 18:29:22,electricity,529.69
1488,2025-06-04 18:29:22,water,29.42
1489,2025-06-04 18:29:27,electricity,90.5
1489,2025-06-04 18:29:27,water,20.6
1489,2025-06-04 18:29:27,heat,238.4
1489,2025-06-04 18:29:27,gas,55.73
1490,2025-06-04 18:29:32,heat,211.24
1490,2025-06-04 18:29:32,gas,57.08
1492,2025-06-04 18:29:42,electricity,545.59
1492,2025-06-04 18:29:42,water,27.53
1492,2025-06-04 18:29:42,gas,58.89
1493,2025-06-04 18:29:47,electricity,538.35
1493,2025-06-04 18:29:47,water,3.12
1493,2025-06-04 18:29:47,gas,9.95
1494,2025-06-04 18:29:52,heat,224.32
1495,2025-06-04 18:29:57,gas,5.73
1496,2025-06-04 18:30:02,water,22.51
1497,2025-06-04 18:30:07,gas,59.82
1498,2025-06-04 18:30:12,gas,5.34
1501,2025-06-04 18:30:27,electricity,87.08
1501,2025-06-04 18:30:27,heat,244.71
1504,2025-06-04 18:30:42,heat,236.24
1505,2025-06-04 18:30:47,heat,46.3
1507,2025-06-04 18:30:57,water,3.13
1507,2025-06-04 18:30:57,gas,54.74
1509,2025-06-04 18:31:07,electricity,538.59
1509,2025-06-04 18:31:07,water,21.65
1510,2025-06-04 18:31:12,electricity,598.49
1510,2025-06-04 18:31:12,water,25.55
1511,2025-06-04 18:31:17,water,21.88
1512,2025-06-04 18:31:22,water,22.3
1513,2025-06-04 18:31:27,electricity,567.14
1513,2025-06-04 18:31:27,gas,56.6
1514,2025-06-04 18:31:32,water,3.85
1514,2025-06-04 18:31:32,heat,226.9
1516,2025-06-04 18:31:42,water,25.95
1516,2025-06-04 18:31:42,heat,210.38
1517,2025-06-04 18:31:47,water,25.92
1518,2025-06-04 18:31:52,water,23.27
1519,2025-06-04 18:31:57,electricity,596.2
1519,2025-06-04 18:31:57,water,3.5
1520,2025-06-04 18:32:02,heat,232.98
1521,2025-06-04 18:32:07,water,3.37
1521,2025-06-04 18:32:07,gas,50.08
1522,2025-06-04 18:32:12,heat,202.67
1523,2025-06-04 18:32:17,heat,47.05
1524,2025-06-04 18:32:22,electricity,578.78
1524,2025-06-04 18:32:22,water,21.14
1524,2025-06-04 18:32:22,heat,218.3
1525,2025-06-04 18:32:27,gas,51.09
1527,2025-06-04 18:32:37,water,4.0
1527,2025-06-04 18:32:37,heat,226.78
1528,2025-06-04 18:32:42,electricity,588.61
1528,2025-06-04 18:32:42,water,3.01
1529,2025-06-04 18:32:47,electricity,574.3
1530,2025-06-04 18:32:52,water,24.52
1531,2025-06-04 18:32:57,heat,201.12
1532,2025-06-04 18:33:02,electricity,542.48
1533,2025-06-04 18:33:07,water,20.18
1533,2025-06-04 18:33:07,gas,8.81
1537,2025-06-04 18:33:28,water,29.32
1538,2025-06-04 18:33:33,water,24.52
1538,2025-06-04 18:33:33,heat,203.36
1539,2025-06-04 18:33:38,heat,232.94
1540,2025-06-04 18:33:43,gas,52.42
1541,2025-06-04 18:33:48,electricity,599.94
1541,2025-06-04 18:33:48,water,25.51
1543,2025-06-04 18:33:58,water,26.62
1543,2025-06-04 18:33:58,gas,52.45
1544,2025-06-04 18:34:03,electricity,546.11
1544,2025-06-04 18:34:03,heat,215.57
1544,2025-06-04 18:34:03,gas,57.31
1545,2025-06-04 18:34:08,electricity,94.93
1545,2025-06-04 18:34:08,water,25.62
1545,2025-06-04 18:34:08,heat,244.37
1547,2025-06-04 18:34:18,water,25.44
1548,2025-06-04 18:34:23,electricity,593.18
1548,2025-06-04 18:34:23,water,28.55
1549,2025-06-04 18:34:28,water,22.6
1549,2025-06-04 18:34:28,heat,214.5
1550,2025-06-04 18:34:33,electricity,84.66
1550,2025-06-04 18:34:33,water,24.54
1552,2025-06-04 18:34:43,water,24.81
1553,2025-06-04 18:34:48,water,29.7
1554,2025-06-04 18:34:53,water,28.54
1555,2025-06-04 18:34:58,electricity,575.01
1556,2025-06-04 18:35:03,water,22.46
1556,2025-06-04 18:35:03,heat,223.16
1557,2025-06-04 18:35:08,water,20.68
1557,2025-06-04 18:35:08,heat,219.2
1558,2025-06-04 18:35:13,water,29.32
1559,2025-06-04 18:35:18,electricity,513.68
1559,2025-06-04 18:35:18,water,3.11
1559,2025-06-04 18:35:18,gas,51.64
1560,2025-06-04 18:35:23,electricity,588.15
1560,2025-06-04 18:35:23,water,26.3
1560,2025-06-04 18:35:23,heat,240.05
1561,2025-06-04 18:35:28,water,3.85
1561,2025-06-04 18:35:28,heat,212.93
1561,2025-06-04 18:35:28,gas,8.0
1562,2025-06-04 18:35:33,water,29.15
1562,2025-06-04 18:35:33,gas,59.31
1564,2025-06-04 18:35:43,electricity,570.53
1564,2025-06-04 18:35:43,heat,41.65
1565,2025-06-04 18:35:48,electricity,526.0
1568,2025-06-04 18:36:03,water,26.09
1568,2025-06-04 18:36:03,heat,242.73
1568,2025-06-04 18:36:03,gas,51.28
1570,2025-06-04 18:36:13,water,28.23
1571,2025-06-04 18:36:18,electricity,583.54
1572,2025-06-04 18:36:23,gas,51.53
1573,2025-06-04 18:36:28,electricity,569.55
1573,2025-06-04 18:36:28,water,21.59
1574,2025-06-04 18:36:33,gas,8.66
1576,2025-06-04 18:36:43,water,24.21
1576,2025-06-04 18:36:43,heat,203.53
1576,2025-06-04 18:36:43,gas,8.46
1578,2025-06-04 18:36:53,gas,53.99
1579,2025-06-04 18:36:58,gas,56.29
1580,2025-06-04 18:37:03,water,4.74
1580,2025-06-04 18:37:03,gas,54.26
1582,2025-06-04 18:37:13,water,24.69
1582,2025-06-04 18:37:13,heat,247.76
1582,2025-06-04 18:37:13,gas,54.5
1583,2025-06-04 18:37:18,heat,201.41
1584,2025-06-04 18:37:23,water,29.53
1585,2025-06-04 18:37:28,water,28.37
1585,2025-06-04 18:37:28,heat,227.71
1586,2025-06-04 18:37:33,electricity,530.57
1586,2025-06-04 18:37:33,water,21.58
1586,2025-06-04 18:37:33,heat,209.45
1587,2025-06-04 18:37:38,heat,48.46
1587,2025-06-04 18:37:38,gas,6.98
1588,2025-06-04 18:37:43,water,4.78
1588,2025-06-04 18:37:43,heat,48.99
1590,2025-06-04 18:37:53,water,4.93
1591,2025-06-04 18:37:58,gas,9.25
1592,2025-06-04 18:38:03,gas,51.66
1593,2025-06-04 18:38:08,gas,50.18
1594,2025-06-04 18:38:13,gas,57.15
1596,2025-06-04 18:38:23,heat,231.85
1596,2025-06-04 18:38:23,gas,6.68
1597,2025-06-04 18:38:28,water,28.38
1597,2025-06-04 18:38:28,heat,40.38
1597,2025-06-04 18:38:28,gas,50.76
1598,2025-06-04 18:38:34,water,20.73
1598,2025-06-04 18:38:34,heat,200.06
1599,2025-06-04 18:38:39,water,24.13
1599,2025-06-04 18:38:39,heat,225.62
1600,2025-06-04 18:38:44,electricity,579.85
1600,2025-06-04 18:38:44,heat,216.2
1601,2025-06-04 18:38:49,water,26.47
1601,2025-06-04 18:38:49,heat,49.42
1601,2025-06-04 18:38:49,gas,52.6
1602,2025-06-04 18:38:54,heat,227.98
1605,2025-06-04 18:39:09,electricity,547.69
1605,2025-06-04 18:39:09,water,28.7
1606,2025-06-04 18:39:14,electricity,99.12
1606,2025-06-04 18:39:14,heat,232.22
1606,2025-06-04 18:39:14,gas,7.71
1607,2025-06-04 18:39:19,water,29.84
1608,2025-06-04 18:39:24,heat,45.5
1608,2025-06-04 18:39:24,gas,52.59
1610,2025-06-04 18:39:34,water,29.67
1611,2025-06-04 18:39:39,water,23.01
1611,2025-06-04 18:39:39,gas,59.24
1613,2025-06-04 18:39:49,heat,209.33
1613,2025-06-04 18:39:49,gas,57.42
1614,2025-06-04 18:39:54,gas,55.03
1616,2025-06-04 18:40:04,water,4.85
1618,2025-06-04 18:40:14,water,22.43
1619,2025-06-04 18:40:19,water,3.89
1621,2025-06-04 18:40:29,heat,238.18
1621,2025-06-04 18:40:29,gas,55.9
1622,2025-06-04 18:40:34,water,20.4
1623,2025-06-04 18:40:39,gas,53.64
1624,2025-06-04 18:40:44,heat,208.4
1625,2025-06-04 18:40:49,water,3.29
1625,2025-06-04 18:40:49,gas,50.75
1628,2025-06-04 18:41:04,water,27.69
1628,2025-06-04 18:41:04,heat,222.64
1629,2025-06-04 18:41:09,electricity,555.91
1629,2025-06-04 18:41:09,water,3.54
1630,2025-06-04 18:41:14,water,29.96
1632,2025-06-04 18:41:24,water,21.78
1633,2025-06-04 18:41:29,electricity,560.88
1633,2025-06-04 18:41:29,gas,55.42
1635,2025-06-04 18:41:39,water,20.43
1636,2025-06-04 18:41:44,heat,207.02
1637,2025-06-04 18:41:49,water,27.48
1638,2025-06-04 18:41:54,electricity,572.11
1638,2025-06-04 18:41:54,heat,217.27
1639,2025-06-04 18:41:59,water,3.04
1639,2025-06-04 18:41:59,gas,5.39
1640,2025-06-04 18:42:04,water,21.93
1640,2025-06-04 18:42:04,gas,55.97
1641,2025-06-04 18:42:09,water,22.51
1642,2025-06-04 18:42:14,gas,59.51
1643,2025-06-04 18:42:19,electricity,82.49
1644,2025-06-04 18:42:24,water,21.34
1644,2025-06-04 18:42:24,heat,210.88
1645,2025-06-04 18:42:29,water,28.68
1645,2025-06-04 18:42:29,heat,209.69
1646,2025-06-04 18:42:34,gas,56.64
1647,2025-06-04 18:42:39,electricity,541.19
1647,2025-06-04 18:42:39,water,23.25
1648,2025-06-04 18:42:44,electricity,547.82
1648,2025-06-04 18:42:44,heat,208.1
1648,2025-06-04 18:42:44,gas,7.71
1649,2025-06-04 18:42:49,electricity,502.38
1650,2025-06-04 18:42:54,water,21.96
1650,2025-06-04 18:42:54,gas,50.03
1652,2025-06-04 18:43:04,electricity,516.78
1653,2025-06-04 18:43:09,electricity,587.92
1654,2025-06-04 18:43:14,electricity,564.29
1654,2025-06-04 18:43:14,heat,211.92
1655,2025-06-04 18:43:19,water,24.19
1655,2025-06-04 18:43:19,heat,219.8
1656,2025-06-04 18:43:24,heat,234.61
1656,2025-06-04 18:43:24,gas,8.01
1658,2025-06-04 18:43:34,electricity,503.85
1659,2025-06-04 18:43:40,electricity,598.65
1664,2025-06-04 18:44:05,electricity,89.61
1665,2025-06-04 18:44:10,electricity,555.0
1665,2025-06-04 18:44:10,gas,54.92
1666,2025-06-04 18:44:15,water,20.85
1666,2025-06-04 18:44:15,heat,221.33
1668,2025-06-04 18:44:25,electricity,512.95
1668,2025-06-04 18:44:25,water,25.6
1669,2025-06-04 18:44:30,water,3.43
1669,2025-06-04 18:44:30,heat,236.61
1670,2025-06-04 18:44:35,electricity,586.55
1670,2025-06-04 18:44:35,heat,207.99
1671,2025-06-04 18:44:40,water,22.64
1671,2025-06-04 18:44:40,heat,208.32
1673,2025-06-04 18:44:50,electricity,519.96
1674,2025-06-04 18:44:55,heat,47.46
1675,2025-06-04 18:45:00,electricity,543.67
1675,2025-06-04 18:45:00,heat,230.33
1676,2025-06-04 18:45:05,electricity,542.67
1678,2025-06-04 18:45:15,heat,200.24
1678,2025-06-04 18:45:15,gas,59.87
1679,2025-06-04 18:45:20,water,26.07
1679,2025-06-04 18:45:20,heat,201.59
1680,2025-06-04 18:45:25,gas,51.4
1681,2025-06-04 18:45:30,electricity,97.58
1681,2025-06-04 18:45:30,water,4.92
1681,2025-06-04 18:45:30,heat,222.75
1682,2025-06-04 18:45:35,water,23.18
1682,2025-06-04 18:45:35,gas,52.59
1683,2025-06-04 18:45:40,electricity,505.65
1684,2025-06-04 18:45:45,heat,229.03
1685,2025-06-04 18:45:50,water,26.5
1686,2025-06-04 18:45:55,gas,9.79
1687,2025-06-04 18:46:00,water,27.49
1688,2025-06-04 18:46:05,heat,215.86
1689,2025-06-04 18:46:10,water,20.46
1691,2025-06-04 18:46:20,water,29.06
1691,2025-06-04 18:46:20,heat,207.31
1691,2025-06-04 18:46:20,gas,51.33
1692,2025-06-04 18:46:25,water,22.5
1692,2025-06-04 18:46:25,heat,229.45
1693,2025-06-04 18:46:30,water,25.71
1694,2025-06-04 18:46:35,water,29.06
1695,2025-06-04 18:46:40,water,25.94
1697,2025-06-04 18:46:50,water,27.65
1699,2025-06-04 18:47:00,electricity,556.36
1699,2025-06-04 18:47:00,water,20.77
1700,2025-06-04 18:47:05,water,23.3
1703,2025-06-04 18:47:20,water,22.99
1704,2025-06-04 18:47:25,water,24.24
1704,2025-06-04 18:47:25,heat,225.06
1705,2025-06-04 18:47:30,heat,201.12
1706,2025-06-04 18:47:35,water,21.58
1706,2025-06-04 18:47:35,heat,41.57
1708,2025-06-04 18:47:45,water,28.42
1709,2025-06-04 18:47:50,water,29.42
1709,2025-06-04 18:47:50,heat,248.26
1710,2025-06-04 18:47:55,electricity,518.37
1710,2025-06-04 18:47:55,water,20.43
1710,2025-06-04 18:47:55,gas,51.81
1711,2025-06-04 18:48:00,water,28.49
1712,2025-06-04 18:48:05,water,28.62
1713,2025-06-04 18:48:10,water,23.91
1714,2025-06-04 18:48:15,water,22.97
1715,2025-06-04 18:48:20,gas,6.88
1717,2025-06-04 18:48:30,heat,229.81
1718,2025-06-04 18:48:35,water,25.87
1719,2025-06-04 18:48:40,water,29.06
1719,2025-06-04 18:48:40,heat,226.28
1724,2025-06-04 18:49:05,electricity,91.62
1725,2025-06-04 18:49:10,water,21.58
1726,2025-06-04 18:49:15,electricity,551.53
1729,2025-06-04 18:49:30,water,29.85
1729,2025-06-04 18:49:30,gas,6.3
1730,2025-06-04 18:49:35,water,21.74
1730,2025-06-04 18:49:35,gas,55.46
1731,2025-06-04 18:49:40,electricity,559.07
1732,2025-06-04 18:49:45,electricity,518.28
1732,2025-06-04 18:49:45,water,27.99
1732,2025-06-04 18:49:45,gas,58.86
1733,2025-06-04 18:49:50,electricity,509.2
1733,2025-06-04 18:49:50,heat,244.51
1734,2025-06-04 18:49:55,electricity,541.34
1734,2025-06-04 18:49:55,water,22.89
1735,2025-06-04 18:50:00,heat,43.39
1736,2025-06-04 18:50:05,heat,233.94
1737,2025-06-04 18:50:11,water,26.33
1738,2025-06-04 18:50:16,water,29.22
1739,2025-06-04 18:50:21,electricity,592.23
1740,2025-06-04 18:50:26,electricity,557.28
1740,2025-06-04 18:50:26,gas,54.62
1741,2025-06-04 18:50:31,water,20.93
1742,2025-06-04 18:50:36,water,3.63
1745,2025-06-04 18:50:51,electricity,519.11
1746,2025-06-04 18:50:56,electricity,93.02
1747,2025-06-04 18:51:01,gas,50.51
1749,2025-06-04 18:51:11,water,22.35
1750,2025-06-04 18:51:16,heat,201.13
1750,2025-06-04 18:51:16,gas,56.63
1751,2025-06-04 18:51:21,heat,222.92
1751,2025-06-04 18:51:21,gas,6.48
1754,2025-06-04 18:51:36,water,4.59
1754,2025-06-04 18:51:36,gas,5.3
1755,2025-06-04 18:51:41,water,23.67
1756,2025-06-04 18:51:46,gas,53.67
1757,2025-06-04 18:51:51,water,22.89
1758,2025-06-04 18:51:56,water,24.85
1758,2025-06-04 18:51:56,heat,41.34
1759,2025-06-04 18:52:01,water,23.39
1759,2025-06-04 18:52:01,heat,45.17
1760,2025-06-04 18:52:06,water,22.4
1761,2025-06-04 18:52:11,water,4.37
1762,2025-06-04 18:52:16,electricity,548.67
1764,2025-06-04 18:52:26,heat,226.91
1765,2025-06-04 18:52:31,electricity,569.78
1765,2025-06-04 18:52:31,heat,202.41
1765,2025-06-04 18:52:31,gas,54.57
1767,2025-06-04 18:52:41,heat,228.97
1768,2025-06-04 18:52:46,electricity,567.8
1770,2025-06-04 18:52:56,water,22.11
1770,2025-06-04 18:52:56,heat,45.15
1770,2025-06-04 18:52:56,gas,50.95
1771,2025-06-04 18:53:01,gas,56.75
1773,2025-06-04 18:53:11,water,21.71
1773,2025-06-04 18:53:11,heat,40.5
1774,2025-06-04 18:53:16,electricity,584.44
1777,2025-06-04 18:53:31,water,3.0
1777,2025-06-04 18:53:31,heat,42.9
1779,2025-06-04 18:53:41,water,4.27
1779,2025-06-04 18:53:41,gas,52.25
1780,2025-06-04 18:53:46,electricity,511.53
1780,2025-06-04 18:53:46,gas,53.88
1782,2025-06-04 18:53:56,water,3.94
1782,2025-06-04 18:53:56,heat,204.82
1783,2025-06-04 18:54:01,water,25.14
1784,2025-06-04 18:54:06,gas,9.74
1785,2025-06-04 18:54:11,heat,234.22
1786,2025-06-04 18:54:16,water,3.91
1788,2025-06-04 18:54:26,water,4.63
1789,2025-06-04 18:54:31,water,24.7
1790,2025-06-04 18:54:36,electricity,552.57
1791,2025-06-04 18:54:41,electricity,570.42
1791,2025-06-04 18:54:41,water,23.83
1791,2025-06-04 18:54:41,heat,245.05
1793,2025-06-04 18:54:51,electricity,570.08
1794,2025-06-04 18:54:56,water,21.49
1796,2025-06-04 18:55:06,gas,55.5
1799,2025-06-04 18:55:21,electricity,81.44
1799,2025-06-04 18:55:21,heat,204.0
1800,2025-06-04 18:55:26,gas,50.04
1801,2025-06-04 18:55:31,water,28.7
1803,2025-06-04 18:55:41,heat,223.93
1804,2025-06-04 18:55:46,water,26.11
1805,2025-06-04 18:55:51,electricity,595.47
1805,2025-06-04 18:55:51,water,3.53
1806,2025-06-04 18:55:56,electricity,93.73
1806,2025-06-04 18:55:56,water,21.72
1807,2025-06-04 18:56:01,gas,55.58
1808,2025-06-04 18:56:06,water,22.32
1808,2025-06-04 18:56:06,gas,54.41
1809,2025-06-04 18:56:11,electricity,554.18
1809,2025-06-04 18:56:11,water,25.17
1811,2025-06-04 18:56:21,heat,236.29
1812,2025-06-04 18:56:26,gas,52.07
1813,2025-06-04 18:56:31,water,29.6
1814,2025-06-04 18:56:36,water,24.16
1814,2025-06-04 18:56:36,heat,230.86
1815,2025-06-04 18:56:41,water,23.53
1815,2025-06-04 18:56:41,heat,203.66
1816,2025-06-04 18:56:46,heat,246.07
1816,2025-06-04 18:56:46,gas,55.0
1817,2025-06-04 18:56:52,water,20.54
1819,2025-06-04 18:57:02,electricity,514.06
1820,2025-06-04 18:57:07,gas,52.95
1823,2025-06-04 18:57:22,water,20.11
1823,2025-06-04 18:57:22,heat,230.82
1823,2025-06-04 18:57:22,gas,9.59
1824,2025-06-04 18:57:27,water,28.77
1824,2025-06-04 18:57:27,gas,52.01
1825,2025-06-04 18:57:32,water,20.9
1826,2025-06-04 18:57:37,electricity,509.61
1827,2025-06-04 18:57:42,electricity,580.28
1827,2025-06-04 18:57:42,heat,221.44
1829,2025-06-04 18:57:52,water,21.57
1830,2025-06-04 18:57:57,water,29.95
1832,2025-06-04 18:58:07,gas,59.51
1833,2025-06-04 18:58:12,water,4.08
1833,2025-06-04 18:58:12,heat,240.15
1836,2025-06-04 18:58:27,electricity,542.73
1836,2025-06-04 18:58:27,water,28.77
1837,2025-06-04 18:58:32,water,28.19
1837,2025-06-04 18:58:32,heat,44.79
1839,2025-06-04 18:58:42,water,28.56
1839,2025-06-04 18:58:42,heat,207.5
1840,2025-06-04 18:58:47,heat,44.71
1840,2025-06-04 18:58:47,gas,9.01
1841,2025-06-04 18:58:52,water,23.29
1841,2025-06-04 18:58:52,heat,244.17
1844,2025-06-04 18:59:07,water,23.62
1845,2025-06-04 18:59:12,water,28.62
1846,2025-06-04 18:59:17,water,26.28
1846,2025-06-04 18:59:17,heat,44.23
1847,2025-06-04 18:59:22,water,29.31
1847,2025-06-04 18:59:22,heat,239.09
1848,2025-06-04 18:59:27,heat,243.59
1851,2025-06-04 18:59:42,water,24.1
1853,2025-06-04 18:59:52,electricity,85.86
1853,2025-06-04 18:59:52,water,4.98
1853,2025-06-04 18:59:52,heat,208.25
1854,2025-06-04 18:59:57,water,27.61
1854,2025-06-04 18:59:57,heat,49.38
1855,2025-06-04 19:00:02,water,21.86
1856,2025-06-04 19:00:07,water,24.87
1857,2025-06-04 19:00:12,water,21.57
1857,2025-06-04 19:00:12,heat,220.15
1859,2025-06-04 19:00:22,heat,227.9
1860,2025-06-04 19:00:27,water,28.53
1861,2025-06-04 19:00:32,water,27.47
1861,2025-06-04 19:00:32,gas,55.35
1862,2025-06-04 19:00:37,water,25.23
1863,2025-06-04 19:00:42,electricity,513.22
1863,2025-06-04 19:00:42,water,29.55
1863,2025-06-04 19:00:42,gas,8.44
